fecha,riesgo_pais
02/01/2017,455
03/01/2017,474
04/01/2017,477
05/01/2017,475
06/01/2017,468
09/01/2017,470
10/01/2017,482
11/01/2017,483
12/01/2017,473
13/01/2017,453
16/01/2017,453
17/01/2017,455
18/01/2017,459
19/01/2017,461
20/01/2017,462
23/01/2017,469
24/01/2017,464
25/01/2017,463
26/01/2017,463
27/01/2017,457
30/01/2017,469
31/01/2017,469
01/02/2017,461
02/02/2017,448
03/02/2017,440
06/02/2017,443
07/02/2017,458
08/02/2017,460
09/02/2017,456
10/02/2017,446
13/02/2017,441
14/02/2017,442
15/02/2017,448
16/02/2017,459
17/02/2017,460
20/02/2017,460
21/02/2017,456
22/02/2017,456
23/02/2017,458
24/02/2017,466
27/02/2017,469
28/02/2017,466
01/03/2017,454
02/03/2017,451
03/03/2017,445
06/03/2017,447
07/03/2017,442
08/03/2017,452
09/03/2017,456
10/03/2017,451
13/03/2017,456
14/03/2017,463
15/03/2017,452
16/03/2017,449
17/03/2017,443
20/03/2017,444
21/03/2017,453
22/03/2017,458
23/03/2017,456
24/03/2017,455
27/03/2017,461
28/03/2017,457
29/03/2017,453
30/03/2017,450
31/03/2017,452
03/04/2017,454
04/04/2017,447
05/04/2017,439
06/04/2017,439
07/04/2017,437
10/04/2017,436
11/04/2017,439
12/04/2017,443
13/04/2017,442
17/04/2017,438
18/04/2017,440
19/04/2017,433
20/04/2017,427
21/04/2017,424
24/04/2017,414
25/04/2017,407
26/04/2017,417
27/04/2017,417
28/04/2017,415
01/05/2017,411
02/05/2017,405
03/05/2017,404
04/05/2017,405
05/05/2017,407
08/05/2017,407
09/05/2017,410
10/05/2017,403
11/05/2017,405
12/05/2017,407
15/05/2017,400
16/05/2017,404
17/05/2017,419
18/05/2017,431
19/05/2017,422
22/05/2017,426
23/05/2017,420
24/05/2017,415
25/05/2017,419
26/05/2017,418
29/05/2017,418
30/05/2017,416
31/05/2017,407
01/06/2017,402
02/06/2017,398
05/06/2017,397
06/06/2017,395
07/06/2017,396
08/06/2017,395
09/06/2017,397
12/06/2017,399
13/06/2017,396
14/06/2017,399
15/06/2017,404
16/06/2017,407
19/06/2017,411
20/06/2017,426
21/06/2017,431
22/06/2017,423
23/06/2017,419
26/06/2017,414
27/06/2017,421
28/06/2017,424
29/06/2017,435
30/06/2017,432
03/07/2017,430
05/07/2017,436
06/07/2017,445
07/07/2017,443
10/07/2017,435
11/07/2017,433
12/07/2017,430
13/07/2017,429
14/07/2017,426
17/07/2017,425
18/07/2017,435
19/07/2017,436
20/07/2017,437
21/07/2017,440
24/07/2017,444
25/07/2017,442
26/07/2017,436
27/07/2017,433
28/07/2017,440
31/07/2017,439
01/08/2017,441
02/08/2017,443
03/08/2017,446
04/08/2017,447
07/08/2017,447
08/08/2017,440
09/08/2017,445
10/08/2017,453
11/08/2017,444
14/08/2017,418
15/08/2017,409
16/08/2017,406
17/08/2017,417
18/08/2017,410
21/08/2017,412
22/08/2017,409
23/08/2017,408
24/08/2017,403
25/08/2017,395
28/08/2017,396
29/08/2017,395
30/08/2017,387
31/08/2017,393
01/09/2017,388
04/09/2017,388
05/09/2017,393
06/09/2017,393
07/09/2017,392
08/09/2017,390
11/09/2017,385
12/09/2017,384
13/09/2017,374
14/09/2017,375
15/09/2017,373
18/09/2017,370
19/09/2017,371
20/09/2017,370
21/09/2017,370
22/09/2017,368
25/09/2017,375
26/09/2017,377
27/09/2017,379
28/09/2017,375
29/09/2017,367
02/10/2017,367
03/10/2017,365
04/10/2017,362
05/10/2017,359
06/10/2017,362
09/10/2017,362
10/10/2017,363
11/10/2017,358
12/10/2017,354
13/10/2017,348
16/10/2017,345
17/10/2017,343
18/10/2017,342
19/10/2017,350
20/10/2017,349
23/10/2017,342
24/10/2017,348
25/10/2017,349
26/10/2017,361
27/10/2017,355
30/10/2017,344
31/10/2017,361
01/11/2017,365
02/11/2017,361
03/11/2017,368
06/11/2017,374
07/11/2017,384
08/11/2017,383
09/11/2017,386
10/11/2017,381
13/11/2017,380
14/11/2017,381
15/11/2017,388
16/11/2017,373
17/11/2017,366
20/11/2017,368
21/11/2017,363
22/11/2017,363
23/11/2017,363
24/11/2017,363
27/11/2017,361
28/11/2017,356
29/11/2017,358
30/11/2017,357
01/12/2017,359
04/12/2017,355
05/12/2017,356
06/12/2017,363
07/12/2017,365
08/12/2017,368
11/12/2017,366
12/12/2017,364
13/12/2017,363
14/12/2017,361
15/12/2017,361
18/12/2017,355
19/12/2017,350
20/12/2017,346
21/12/2017,347
22/12/2017,347
26/12/2017,348
27/12/2017,350
28/12/2017,349
29/12/2017,351
02/01/2018,347
03/01/2018,355
04/01/2018,356
05/01/2018,362
08/01/2018,365
09/01/2018,361
10/01/2018,364
11/01/2018,363
12/01/2018,364
15/01/2018,364
16/01/2018,362
17/01/2018,360
18/01/2018,359
19/01/2018,363
22/01/2018,365
23/01/2018,367
24/01/2018,369
25/01/2018,373
26/01/2018,372
29/01/2018,376
30/01/2018,379
31/01/2018,374
01/02/2018,373
02/02/2018,376
05/02/2018,396
06/02/2018,394
07/02/2018,383
08/02/2018,405
09/02/2018,426
12/02/2018,413
13/02/2018,423
14/02/2018,415
15/02/2018,397
16/02/2018,391
20/02/2018,397
21/02/2018,393
22/02/2018,402
23/02/2018,404
26/02/2018,397
27/02/2018,397
28/02/2018,404
01/03/2018,417
02/03/2018,412
05/03/2018,410
06/03/2018,408
07/03/2018,414
08/03/2018,407
09/03/2018,388
12/03/2018,392
13/03/2018,399
14/03/2018,403
15/03/2018,412
16/03/2018,409
19/03/2018,420
20/03/2018,411
21/03/2018,409
22/03/2018,419
23/03/2018,425
26/03/2018,418
27/03/2018,420
28/03/2018,418
29/03/2018,420
02/04/2018,425
03/04/2018,417
04/04/2018,417
05/04/2018,408
06/04/2018,419
09/04/2018,415
10/04/2018,408
11/04/2018,406
12/04/2018,397
13/04/2018,398
16/04/2018,401
17/04/2018,401
18/04/2018,398
19/04/2018,399
20/04/2018,400
23/04/2018,401
24/04/2018,403
25/04/2018,402
26/04/2018,418
27/04/2018,419
30/04/2018,430
01/05/2018,431
02/05/2018,443
03/05/2018,470
04/05/2018,454
07/05/2018,471
08/05/2018,489
09/05/2018,491
10/05/2018,469
11/05/2018,480
14/05/2018,500
15/05/2018,482
16/05/2018,450
17/05/2018,453
18/05/2018,461
21/05/2018,459
22/05/2018,456
23/05/2018,454
24/05/2018,456
25/05/2018,463
28/05/2018,463
29/05/2018,499
30/05/2018,504
31/05/2018,524
01/06/2018,515
04/06/2018,483
05/06/2018,475
06/06/2018,468
07/06/2018,481
08/06/2018,476
11/06/2018,487
12/06/2018,503
13/06/2018,507
14/06/2018,539
15/06/2018,551
18/06/2018,566
19/06/2018,564
20/06/2018,557
21/06/2018,545
22/06/2018,535
25/06/2018,548
26/06/2018,559
27/06/2018,586
28/06/2018,595
29/06/2018,610
02/07/2018,607
03/07/2018,590
04/07/2018,590
05/07/2018,581
06/07/2018,567
09/07/2018,566
10/07/2018,569
11/07/2018,580
12/07/2018,575
13/07/2018,571
16/07/2018,577
17/07/2018,585
18/07/2018,578
19/07/2018,585
20/07/2018,575
23/07/2018,575
24/07/2018,578
25/07/2018,576
26/07/2018,556
27/07/2018,551
30/07/2018,552
31/07/2018,558
01/08/2018,562
02/08/2018,571
03/08/2018,571
06/08/2018,583
07/08/2018,593
08/08/2018,610
09/08/2018,634
10/08/2018,700
13/08/2018,748
14/08/2018,696
15/08/2018,699
16/08/2018,663
17/08/2018,671
20/08/2018,685
21/08/2018,686
22/08/2018,690
23/08/2018,696
24/08/2018,700
27/08/2018,688
28/08/2018,689
29/08/2018,728
30/08/2018,776
31/08/2018,771
03/09/2018,771
04/09/2018,783
05/09/2018,744
06/09/2018,729
07/09/2018,725
10/09/2018,745
11/09/2018,741
12/09/2018,699
13/09/2018,695
14/09/2018,661
17/09/2018,649
18/09/2018,656
19/09/2018,622
20/09/2018,601
21/09/2018,588
24/09/2018,612
25/09/2018,603
26/09/2018,614
27/09/2018,593
28/09/2018,623
01/10/2018,629
02/10/2018,632
03/10/2018,626
04/10/2018,656
05/10/2018,669
08/10/2018,669
09/10/2018,661
10/10/2018,681
11/10/2018,686
12/10/2018,657
15/10/2018,635
16/10/2018,636
17/10/2018,655
18/10/2018,663
19/10/2018,661
22/10/2018,665
23/10/2018,665
24/10/2018,676
25/10/2018,667
26/10/2018,670
29/10/2018,672
30/10/2018,665
31/10/2018,652
01/11/2018,635
02/11/2018,609
05/11/2018,604
06/11/2018,600
07/11/2018,597
08/11/2018,607
09/11/2018,617
12/11/2018,617
13/11/2018,637
14/11/2018,642
15/11/2018,649
16/11/2018,656
19/11/2018,666
20/11/2018,693
21/11/2018,686
22/11/2018,686
23/11/2018,688
26/11/2018,695
27/11/2018,714
28/11/2018,705
29/11/2018,709
30/11/2018,706
03/12/2018,698
04/12/2018,724
05/12/2018,724
06/12/2018,729
07/12/2018,729
10/12/2018,752
11/12/2018,757
12/12/2018,741
13/12/2018,746
14/12/2018,763
17/12/2018,775
18/12/2018,781
19/12/2018,787
20/12/2018,802
21/12/2018,815
24/12/2018,821
26/12/2018,820
27/12/2018,829
28/12/2018,813
31/12/2018,817
02/01/2019,791
03/01/2019,768
04/01/2019,730
07/01/2019,713
08/01/2019,727
09/01/2019,708
10/01/2019,706
11/01/2019,703
14/01/2019,697
15/01/2019,695
16/01/2019,689
17/01/2019,690
18/01/2019,672
21/01/2019,672
22/01/2019,689
23/01/2019,670
24/01/2019,663
25/01/2019,663
28/01/2019,685
29/01/2019,696
30/01/2019,689
31/01/2019,676
01/02/2019,654
04/02/2019,648
05/02/2019,635
06/02/2019,652
07/02/2019,667
08/02/2019,675
11/02/2019,683
12/02/2019,670
13/02/2019,665
14/02/2019,674
15/02/2019,690
18/02/2019,690
19/02/2019,703
20/02/2019,715
21/02/2019,711
22/02/2019,699
25/02/2019,692
26/02/2019,691
27/02/2019,686
28/02/2019,697
01/03/2019,718
04/03/2019,733
05/03/2019,744
06/03/2019,747
07/03/2019,777
08/03/2019,764
11/03/2019,738
12/03/2019,741
13/03/2019,748
14/03/2019,737
15/03/2019,724
18/03/2019,725
19/03/2019,724
20/03/2019,723
21/03/2019,731
22/03/2019,764
25/03/2019,768
26/03/2019,768
27/03/2019,781
28/03/2019,787
29/03/2019,774
01/04/2019,761
02/04/2019,764
03/04/2019,753
04/04/2019,767
05/04/2019,782
08/04/2019,803
09/04/2019,815
10/04/2019,816
11/04/2019,814
12/04/2019,808
15/04/2019,808
16/04/2019,801
17/04/2019,825
18/04/2019,851
22/04/2019,845
23/04/2019,860
24/04/2019,950
25/04/2019,939
26/04/2019,963
29/04/2019,939
30/04/2019,950
01/05/2019,960
02/05/2019,964
03/05/2019,931
06/05/2019,916
07/05/2019,917
08/05/2019,901
09/05/2019,903
10/05/2019,898
13/05/2019,931
14/05/2019,921
15/05/2019,913
16/05/2019,918
17/05/2019,943
20/05/2019,934
21/05/2019,885
22/05/2019,909
23/05/2019,919
24/05/2019,903
27/05/2019,903
28/05/2019,920
29/05/2019,934
30/05/2019,942
31/05/2019,985
03/06/2019,1008
04/06/2019,969
05/06/2019,967
06/06/2019,952
07/06/2019,947
10/06/2019,932
11/06/2019,904
12/06/2019,849
13/06/2019,844
14/06/2019,845
17/06/2019,850
18/06/2019,833
19/06/2019,826
20/06/2019,822
21/06/2019,821
24/06/2019,849
25/06/2019,875
26/06/2019,871
27/06/2019,856
28/06/2019,835
01/07/2019,813
02/07/2019,803
03/07/2019,795
04/07/2019,795
05/07/2019,787
08/07/2019,801
09/07/2019,786
10/07/2019,786
11/07/2019,787
12/07/2019,778
15/07/2019,771
16/07/2019,773
17/07/2019,781
18/07/2019,790
19/07/2019,783
22/07/2019,782
23/07/2019,780
24/07/2019,810
25/07/2019,826
26/07/2019,792
29/07/2019,785
30/07/2019,783
31/07/2019,781
01/08/2019,815
02/08/2019,829
05/08/2019,902
06/08/2019,896
07/08/2019,897
08/08/2019,895
09/08/2019,872
12/08/2019,1467
13/08/2019,1741
14/08/2019,1957
15/08/2019,1738
16/08/2019,1653
19/08/2019,1879
20/08/2019,1866
21/08/2019,1814
22/08/2019,1795
23/08/2019,1807
26/08/2019,1815
27/08/2019,1990
28/08/2019,2072
29/08/2019,2272
30/08/2019,2532
02/09/2019,2532
03/09/2019,2523
04/09/2019,2336
05/09/2019,2188
06/09/2019,2031
09/09/2019,2053
10/09/2019,2109
11/09/2019,2061
12/09/2019,2093
13/09/2019,2167
16/09/2019,2232
17/09/2019,2152
18/09/2019,2084
19/09/2019,2115
20/09/2019,2100
23/09/2019,2163
24/09/2019,2223
25/09/2019,2212
26/09/2019,2232
27/09/2019,2172
30/09/2019,2143
01/10/2019,2156
02/10/2019,2181
03/10/2019,2190
04/10/2019,2169
07/10/2019,2110
08/10/2019,2094
09/10/2019,2049
10/10/2019,1890
11/10/2019,1894
14/10/2019,1894
15/10/2019,1931
16/10/2019,2004
17/10/2019,1995
18/10/2019,2048
21/10/2019,2122
22/10/2019,2169
23/10/2019,2154
24/10/2019,2088
25/10/2019,2146
28/10/2019,2262
29/10/2019,2206
30/10/2019,2238
31/10/2019,2278
01/11/2019,2275
04/11/2019,2270
05/11/2019,2282
06/11/2019,2331
07/11/2019,2342
08/11/2019,2413
11/11/2019,2413
12/11/2019,2493
13/11/2019,2496
14/11/2019,2430
15/11/2019,2442
18/11/2019,2455
19/11/2019,2366
20/11/2019,2262
21/11/2019,2208
22/11/2019,2236
25/11/2019,2289
26/11/2019,2272
27/11/2019,2264
28/11/2019,2264
29/11/2019,2262
02/12/2019,2376
03/12/2019,2400
04/12/2019,2340
05/12/2019,2358
06/12/2019,2317
09/12/2019,2180
10/12/2019,2165
11/12/2019,2141
12/12/2019,2083
13/12/2019,2103
16/12/2019,2114
17/12/2019,1968
18/12/2019,1888
19/12/2019,1929
20/12/2019,1902
23/12/2019,1851
24/12/2019,1831
26/12/2019,1779
27/12/2019,1738
30/12/2019,1748
31/12/2019,1744
02/01/2020,1824
03/01/2020,1938
06/01/2020,1930
07/01/2020,1898
08/01/2020,1887
09/01/2020,1847
10/01/2020,1820
13/01/2020,1819
14/01/2020,1847
15/01/2020,1806
16/01/2020,1802
17/01/2020,1830
20/01/2020,1830
21/01/2020,1920
22/01/2020,1967
23/01/2020,1995
24/01/2020,2070
27/01/2020,2150
28/01/2020,2098
29/01/2020,2029
30/01/2020,2035
31/01/2020,2068
04/02/2020,1904
05/02/2020,1884
06/02/2020,1901
07/02/2020,1864
10/02/2020,1882
11/02/2020,1981
12/02/2020,1951
13/02/2020,2037
14/02/2020,2014
17/02/2020,2014
18/02/2020,2053
19/02/2020,2035
20/02/2020,2092
21/02/2020,2046
24/02/2020,2059
25/02/2020,2071
26/02/2020,2082
27/02/2020,2186
28/02/2020,2283
02/03/2020,2244
03/03/2020,2214
04/03/2020,2186
05/03/2020,2330
06/03/2020,2426
09/03/2020,2783
10/03/2020,2812
11/03/2020,2948
12/03/2020,3124
13/03/2020,3064
16/03/2020,3467
17/03/2020,3546
18/03/2020,3969
19/03/2020,4050
20/03/2020,4015
23/03/2020,4362
24/03/2020,4269
25/03/2020,4246
26/03/2020,4143
27/03/2020,4185
30/03/2020,4082
31/03/2020,3803
01/04/2020,3943
02/04/2020,3828
03/04/2020,3683
06/04/2020,3588
07/04/2020,3652
08/04/2020,3842
09/04/2020,3798
13/04/2020,3864
14/04/2020,3856
15/04/2020,3994
16/04/2020,3987
17/04/2020,3496
20/04/2020,3429
21/04/2020,3617
22/04/2020,3789
23/04/2020,3994
24/04/2020,4037
27/04/2020,4009
28/04/2020,3989
29/04/2020,3999
30/04/2020,3472
01/05/2020,3520
04/05/2020,3614
05/05/2020,3455
06/05/2020,3374
07/05/2020,3335
08/05/2020,3322
11/05/2020,3111
12/05/2020,3005
13/05/2020,3036
14/05/2020,3040
15/05/2020,2837
18/05/2020,2690
19/05/2020,2751
20/05/2020,2782
21/05/2020,2784
22/05/2020,2779
25/05/2020,2779
26/05/2020,2631
27/05/2020,2664
28/05/2020,2728
29/05/2020,2627
01/06/2020,2615
02/06/2020,2576
03/06/2020,2481
04/06/2020,2534
05/06/2020,2555
08/06/2020,2478
09/06/2020,2600
10/06/2020,2535
11/06/2020,2609
12/06/2020,2578
15/06/2020,2605
16/06/2020,2524
17/06/2020,2541
18/06/2020,2603
19/06/2020,2541
22/06/2020,2487
23/06/2020,2461
24/06/2020,2514
25/06/2020,2527
26/06/2020,2533
29/06/2020,2470
30/06/2020,2495
01/07/2020,2497
02/07/2020,2509
03/07/2020,2509
06/07/2020,2378
07/07/2020,2343
08/07/2020,2293
09/07/2020,2337
10/07/2020,2299
13/07/2020,2308
14/07/2020,2366
15/07/2020,2341
16/07/2020,2343
17/07/2020,2359
20/07/2020,2381
21/07/2020,2356
22/07/2020,2278
23/07/2020,2221
24/07/2020,2210
27/07/2020,2211
28/07/2020,2242
29/07/2020,2280
30/07/2020,2278
31/07/2020,2263
03/08/2020,2119
04/08/2020,2111
05/08/2020,2027
06/08/2020,2056
07/08/2020,2091
10/08/2020,2084
11/08/2020,2083
12/08/2020,2099
13/08/2020,2101
14/08/2020,2112
17/08/2020,2131
18/08/2020,2139
19/08/2020,2142
20/08/2020,2158
21/08/2020,2153
24/08/2020,2140
25/08/2020,2137
26/08/2020,2146
27/08/2020,2149
28/08/2020,2142
31/08/2020,2147
01/09/2020,2127
02/09/2020,2123
03/09/2020,2128
04/09/2020,2117
07/09/2020,2117
08/09/2020,2120
09/09/2020,2120
10/09/2020,1101
11/09/2020,1108
14/09/2020,1120
15/09/2020,1119
16/09/2020,1181
17/09/2020,1237
18/09/2020,1259
21/09/2020,1338
22/09/2020,1353
23/09/2020,1390
24/09/2020,1359
25/09/2020,1332
28/09/2020,1340
29/09/2020,1333
30/09/2020,1300
01/10/2020,1339
02/10/2020,1353
05/10/2020,1350
06/10/2020,1373
07/10/2020,1374
08/10/2020,1366
09/10/2020,1343
12/10/2020,1343
13/10/2020,1368
14/10/2020,1404
15/10/2020,1406
16/10/2020,1397
19/10/2020,1431
20/10/2020,1434
21/10/2020,1445
22/10/2020,1440
23/10/2020,1425
26/10/2020,1445
27/10/2020,1460
28/10/2020,1481
29/10/2020,1480
30/10/2020,1482
02/11/2020,1464
03/11/2020,1435
04/11/2020,1430
05/11/2020,1402
06/11/2020,1391
09/11/2020,1353
10/11/2020,1352
11/11/2020,1352
12/11/2020,1342
13/11/2020,1331
16/11/2020,1323
17/11/2020,1350
18/11/2020,1357
19/11/2020,1370
20/11/2020,1378
23/11/2020,1375
24/11/2020,1369
25/11/2020,1376
26/11/2020,1376
27/11/2020,1376
30/11/2020,1410
01/12/2020,1405
02/12/2020,1411
03/12/2020,1426
04/12/2020,1427
07/12/2020,1456
08/12/2020,1452
09/12/2020,1434
10/12/2020,1418
11/12/2020,1394
14/12/2020,1369
15/12/2020,1387
16/12/2020,1382
17/12/2020,1380
18/12/2020,1365
21/12/2020,1362
22/12/2020,1363
23/12/2020,1358
24/12/2020,1356
28/12/2020,1362
29/12/2020,1368
30/12/2020,1373
31/12/2020,1368
04/01/2021,1400
05/01/2021,1412
06/01/2021,1374
07/01/2021,1374
08/01/2021,1384
11/01/2021,1395
12/01/2021,1415
13/01/2021,1449
14/01/2021,1460
15/01/2021,1451
18/01/2021,1451
19/01/2021,1429
20/01/2021,1419
21/01/2021,1440
22/01/2021,1422
25/01/2021,1433
26/01/2021,1430
27/01/2021,1444
28/01/2021,1444
29/01/2021,1445
01/02/2021,1438
02/02/2021,1440
03/02/2021,1455
04/02/2021,1455
05/02/2021,1445
08/02/2021,1434
09/02/2021,1448
10/02/2021,1456
11/02/2021,1463
12/02/2021,1456
16/02/2021,1497
17/02/2021,1473
18/02/2021,1482
19/02/2021,1488
22/02/2021,1509
22/02/2021,1501
23/02/2021,1514
24/02/2021,1505
25/02/2021,1499
26/02/2021,1511
01/03/2021,1512
02/03/2021,1543
03/03/2021,1547
04/03/2021,1552
05/03/2021,1590
08/03/2021,1598
09/03/2021,1639
10/03/2021,1647
11/03/2021,1630
12/03/2021,1594
15/03/2021,1570
16/03/2021,1551
17/03/2021,1533
18/03/2021,1536
19/03/2021,1517
22/03/2021,1512
23/03/2021,1522
24/03/2021,1573
25/03/2021,1566
26/03/2021,1572
29/03/2021,1576
30/03/2021,1599
31/03/2021,1589
01/04/2021,1589
05/04/2021,1592
06/04/2021,1598
07/04/2021,1606
08/04/2021,1608
09/04/2021,1614
12/04/2021,1586
13/04/2021,1592
14/04/2021,1578
15/04/2021,1605
16/04/2021,1601
19/04/2021,1590
20/04/2021,1594
21/04/2021,1597
22/04/2021,1581
23/04/2021,1578
26/04/2021,1559
27/04/2021,1539
28/04/2021,1545
29/04/2021,1557
30/04/2021,1551
03/05/2021,1562
04/05/2021,1560
05/05/2021,1567
06/05/2021,1578
07/05/2021,1580
10/05/2021,1591
11/05/2021,1607
12/05/2021,1596
13/05/2021,1592
14/05/2021,1547
17/05/2021,1513
18/05/2021,1504
19/05/2021,1518
20/05/2021,1519
21/05/2021,1537
24/05/2021,1532
25/05/2021,1528
26/05/2021,1514
27/05/2021,1506
28/05/2021,1508
31/05/2021,1508
01/06/2021,1498
02/06/2021,1480
03/06/2021,1498
04/06/2021,1506
07/06/2021,1507
08/06/2021,1492
09/06/2021,1470
10/06/2021,1474
11/06/2021,1466
14/06/2021,1476
15/06/2021,1483
16/06/2021,1473
17/06/2021,1496
18/06/2021,1501
21/06/2021,1522
22/06/2021,1536
23/06/2021,1532
24/06/2021,1556
25/06/2021,1573
28/06/2021,1587
29/06/2021,1592
30/06/2021,1596
01/07/2021,1585
02/07/2021,1590
05/07/2021,1590
06/07/2021,1607
07/07/2021,1602
08/07/2021,1611
09/07/2021,1600
12/07/2021,1599
13/07/2021,1589
14/07/2021,1582
15/07/2021,1595
16/07/2021,1595
19/07/2021,1621
20/07/2021,1606
21/07/2021,1597
22/07/2021,1597
23/07/2021,1581
26/07/2021,1587
27/07/2021,1601
28/07/2021,1600
29/07/2021,1593
30/07/2021,1591
02/08/2021,1595
03/08/2021,1595
04/08/2021,1589
05/08/2021,1580
06/08/2021,1573
09/08/2021,1579
10/08/2021,1564
11/08/2021,1565
12/08/2021,1538
13/08/2021,1566
16/08/2021,1589
17/08/2021,1589
18/08/2021,1589
19/08/2021,1604
20/08/2021,1598
23/08/2021,1572
24/08/2021,1547
25/08/2021,1538
26/08/2021,1542
27/08/2021,1538
30/08/2021,1509
31/08/2021,1513
01/09/2021,1493
02/09/2021,1482
03/09/2021,1487
06/09/2021,1487
07/09/2021,1477
08/09/2021,1504
09/09/2021,1528
10/09/2021,1538
13/09/2021,1483
14/09/2021,1501
15/09/2021,1490
16/09/2021,1496
17/09/2021,1512
20/09/2021,1576
21/09/2021,1597
22/09/2021,1612
23/09/2021,1598
24/09/2021,1619
27/09/2021,1631
28/09/2021,1597
29/09/2021,1589
30/09/2021,1607
01/10/2021,1611
04/10/2021,1613
05/10/2021,1592
06/10/2021,1588
07/10/2021,1582
08/10/2021,1602
11/10/2021,1602
12/10/2021,1617
13/10/2021,1625
14/10/2021,1629
15/10/2021,1629
18/10/2021,1644
19/10/2021,1639
20/10/2021,1638
21/10/2021,1653
22/10/2021,1672
25/10/2021,1667
26/10/2021,1664
27/10/2021,1669
28/10/2021,1694
29/10/2021,1712
01/11/2021,1728
02/11/2021,1741
03/11/2021,1737
04/11/2021,1746
05/11/2021,1726
08/11/2021,1716
09/11/2021,1731
10/11/2021,1744
11/11/2021,1744
12/11/2021,1734
15/11/2021,1684
16/11/2021,1707
17/11/2021,1724
18/11/2021,1741
19/11/2021,1750
22/11/2021,1780
23/11/2021,1798
24/11/2021,1821
25/11/2021,1821
26/11/2021,1872
29/11/2021,1878
30/11/2021,1914
01/12/2021,1827
02/12/2021,1816
03/12/2021,1779
06/12/2021,1747
07/12/2021,1698
08/12/2021,1693
09/12/2021,1684
10/12/2021,1712
13/12/2021,1717
14/12/2021,1697
15/12/2021,1686
16/12/2021,1704
17/12/2021,1717
20/12/2021,1748
21/12/2021,1743
22/12/2021,1754
23/12/2021,1762
24/12/2021,1762
27/12/2021,1743
28/12/2021,1718
29/12/2021,1702
30/12/2021,1703
31/12/2021,1688
03/01/2022,1701
04/01/2022,1731
05/01/2022,1753
06/01/2022,1788
07/01/2022,1802
10/01/2022,1821
11/01/2022,1820
12/01/2022,1835
13/01/2022,1864
14/01/2022,1882
17/01/2022,1882
18/01/2022,1890
19/01/2022,1880
20/01/2022,1907
21/01/2022,1916
24/01/2022,1961
25/01/2022,1928
26/01/2022,1896
27/01/2022,1904
28/01/2022,1756
31/01/2022,1723
01/02/2022,1740
02/02/2022,1726
03/02/2022,1758
04/02/2022,1780
07/02/2022,1784
08/02/2022,1770
09/02/2022,1767
10/02/2022,1776
11/02/2022,1814
14/02/2022,1800
15/02/2022,1762
16/02/2022,1738
17/02/2022,1759
18/02/2022,1709
22/02/2022,1725
23/02/2022,1739
24/02/2022,1766
25/02/2022,1795
28/02/2022,1816
01/03/2022,1842
02/03/2022,1850
03/03/2022,1860
04/03/2022,1927
07/03/2022,1971
08/03/2022,1979
09/03/2022,1874
10/03/2022,1825
11/03/2022,1816
14/03/2022,1807
15/03/2022,1815
16/03/2022,1780
17/03/2022,1769
18/03/2022,1789
21/03/2022,1791
22/03/2022,1787
23/03/2022,1837
24/03/2022,1817
25/03/2022,1785
28/03/2022,1744
29/03/2022,1727
30/03/2022,1729
31/03/2022,1718
01/04/2022,1714
04/04/2022,1692
05/04/2022,1710
06/04/2022,1710
07/04/2022,1702
08/04/2022,1711
11/04/2022,1723
12/04/2022,1735
13/04/2022,1710
14/04/2022,1689
18/04/2022,1679
19/04/2022,1689
20/04/2022,1701
21/04/2022,1730
22/04/2022,1776
25/04/2022,1754
26/04/2022,1782
27/04/2022,1768
28/04/2022,1789
29/04/2022,1801
02/05/2022,1817
03/05/2022,1786
04/05/2022,1763
05/05/2022,1788
06/05/2022,1808
09/05/2022,1849
10/05/2022,1854
11/05/2022,1840
12/05/2022,1887
13/05/2022,1895
16/05/2022,1927
17/05/2022,1930
18/05/2022,1951
19/05/2022,1944
20/05/2022,1951
23/05/2022,1916
24/05/2022,1934
25/05/2022,1917
26/05/2022,1928
27/05/2022,1916
30/05/2022,1916
31/05/2022,1918
01/06/2022,1914
02/06/2022,1897
03/06/2022,1894
06/06/2022,1908
07/06/2022,1930
08/06/2022,1970
09/06/2022,2045
10/06/2022,2043
13/06/2022,2124
14/06/2022,2125
15/06/2022,2111
16/06/2022,2199
17/06/2022,2213
20/06/2022,2213
21/06/2022,2200
22/06/2022,2265
23/06/2022,2285
24/06/2022,2356
27/06/2022,2451
28/06/2022,2434
29/06/2022,2371
30/06/2022,2428
01/07/2022,2344
04/07/2022,2344
05/07/2022,2652
06/07/2022,2683
07/07/2022,2641
08/07/2022,2651
11/07/2022,2669
12/07/2022,2728
13/07/2022,2729
14/07/2022,2756
15/07/2022,2754
18/07/2022,2767
19/07/2022,2766
20/07/2022,2770
21/07/2022,2913
22/07/2022,2890
25/07/2022,2905
26/07/2022,2831
27/07/2022,2672
28/07/2022,2519
29/07/2022,2398
01/08/2022,2403
02/08/2022,2419
03/08/2022,2444
04/08/2022,2458
05/08/2022,2436
08/08/2022,2371
09/08/2022,2468
10/08/2022,2476
11/08/2022,2442
12/08/2022,2467
15/08/2022,2417
16/08/2022,2395
17/08/2022,2422
18/08/2022,2441
19/08/2022,2456
22/08/2022,2438
23/08/2022,2386
24/08/2022,2336
25/08/2022,2320
26/08/2022,2394
29/08/2022,2420
30/08/2022,2407
31/08/2022,2385
01/09/2022,2396
02/09/2022,2427
05/09/2022,2427
06/09/2022,2355
07/09/2022,2350
08/09/2022,2336
09/09/2022,2318
12/09/2022,2304
13/09/2022,2317
14/09/2022,2329
15/09/2022,2334
16/09/2022,2382
19/09/2022,2380
22/09/2022,2439
23/09/2022,2523
26/09/2022,2590
27/09/2022,2691
28/09/2022,2640
29/09/2022,2754
29/09/2022,2754
30/09/2022,2812
03/10/2022,2708
04/10/2022,2683
05/10/2022,2712
06/10/2022,2768
11/10/2022,2826
12/10/2022,2824
13/10/2022,2821
14/10/2022,2800
17/10/2022,2827
18/10/2022,2823
19/10/2022,2813
20/10/2022,2743
21/10/2022,2646
24/10/2022,2519
25/10/2022,2494
26/10/2022,2564
27/10/2022,2589
28/10/2022,2590
31/10/2022,2625
01/11/2022,2568
02/11/2022,2567
03/11/2022,2589
04/11/2022,2566
07/11/2022,2543
08/11/2022,2483
09/11/2022,2536
10/11/2022,2481
11/11/2022,2484
14/11/2022,2427
15/11/2022,2385
16/11/2022,2346
17/11/2022,2383
21/11/2022,2427
22/11/2022,2425
23/11/2022,2409
24/11/2022,2406
25/11/2022,2370
28/11/2022,2384
29/11/2022,2319
30/11/2022,2248
01/12/2022,2207
02/12/2022,2245
05/12/2022,2297
06/12/2022,2386
07/12/2022,2326
08/12/2022,2317
09/12/2022,2343
12/12/2022,2271
13/12/2022,2230
14/12/2022,2242
15/12/2022,2221
16/12/2022,2175
19/12/2022,2159
20/12/2022,2113
21/12/2022,2080
22/12/2022,2097
23/12/2022,2183
26/12/2022,2183
27/12/2022,2154
28/12/2022,2154
29/12/2022,2160
30/12/2022,2213
02/01/2023,2213
03/01/2023,2153
04/01/2023,2089
05/01/2023,2118
06/01/2023,2094
09/01/2023,2079
10/01/2023,2059
11/01/2023,1996
12/01/2023,1994
13/01/2023,1980
16/01/2023,1980
17/01/2023,1881
18/01/2023,1807
19/01/2023,1938
20/01/2023,1876
23/01/2023,1843
24/01/2023,1825
25/01/2023,1834
26/01/2023,1837
27/01/2023,1826
30/01/2023,1806
31/01/2023,1817
01/02/2023,1820
02/02/2023,1795
03/02/2023,1845
06/02/2023,1912
07/02/2023,1907
08/02/2023,1912
09/02/2023,1928
10/02/2023,1962
13/02/2023,1966
14/02/2023,1968
15/02/2023,1997
16/02/2023,2056
17/02/2023,2123
20/02/2023,2123
21/02/2023,2183
22/02/2023,2127
23/02/2023,1974
24/02/2023,1996
27/02/2023,1966
28/02/2023,1965
01/03/2023,2036
02/03/2023,2088
03/03/2023,2081
06/03/2023,2047
07/03/2023,2044
08/03/2023,2098
09/03/2023,2134
10/03/2023,2207
13/03/2023,2323
14/03/2023,2293
15/03/2023,2397
16/03/2023,2324
17/03/2023,2383
20/03/2023,2383
21/03/2023,2335
22/03/2023,2458
23/03/2023,2497
24/03/2023,2549
27/03/2023,2531
28/03/2023,2521
29/03/2023,2365
30/03/2023,2304
31/03/2023,2276
03/04/2023,2280
04/04/2023,2351
05/04/2023,2432
06/04/2023,2472
07/04/2023,2472
10/04/2023,2429
11/04/2023,2440
12/04/2023,2385
13/04/2023,2376
14/04/2023,2352
17/04/2023,2407
18/04/2023,2474
19/04/2023,2661
20/04/2023,2660
21/04/2023,2622
24/04/2023,2624
25/04/2023,2648
26/04/2023,2640
27/04/2023,2657
28/04/2023,2656
01/05/2023,2662
02/05/2023,2647
03/05/2023,2623
04/05/2023,2582
05/05/2023,2576
08/05/2023,2577
09/05/2023,2524
10/05/2023,2507
11/05/2023,2523
12/05/2023,2584
15/05/2023,2587
16/05/2023,2580
17/05/2023,2550
18/05/2023,2594
19/05/2023,2600
22/05/2023,2578
23/05/2023,2577
24/05/2023,2590
25/05/2023,2590
26/05/2023,2590
29/05/2023,2590
30/05/2023,2590
31/05/2023,2590
01/06/2023,2616
02/06/2023,2561
05/06/2023,2518
06/06/2023,2396
07/06/2023,2341
08/06/2023,2388
09/06/2023,2378
12/06/2023,2345
13/06/2023,2311
14/06/2023,2330
15/06/2023,2359
16/06/2023,2371
19/06/2023,2371
20/06/2023,2356
21/06/2023,2307
22/06/2023,2216
23/06/2023,2232
26/06/2023,2095
27/06/2023,2120
28/06/2023,2098
29/06/2023,2061
30/06/2023,2037
05/07/2023,1941
06/07/2023,2053
07/07/2023,2103
10/07/2023,2044
11/07/2023,1981
12/07/2023,2005
13/07/2023,2038
14/07/2023,2112
17/07/2023,2042
18/07/2023,2023
19/07/2023,2064
20/07/2023,2038
21/07/2023,2021
24/07/2023,1960
25/07/2023,1951
26/07/2023,1991
27/07/2023,2017
28/07/2023,1960
31/07/2023,1980
01/08/2023,1990
02/08/2023,2011
03/08/2023,2024
04/08/2023,2020
07/08/2023,2020
08/08/2023,2010
09/08/2023,1975
10/08/2023,1911
11/08/2023,1915
14/08/2023,1914
15/08/2023,2172
16/08/2023,2187
17/08/2023,2185
18/08/2023,2128
21/08/2023,2128
22/08/2023,2049
23/08/2023,2035
24/08/2023,2050
25/08/2023,2050
28/08/2023,2041
29/08/2023,2052
30/08/2023,2094
31/08/2023,2105
01/09/2023,2090
04/09/2023,2091
05/09/2023,2136
06/09/2023,2178
07/09/2023,2131
08/09/2023,2155
11/09/2023,2170
12/09/2023,2176
13/09/2023,2168
14/09/2023,2156
15/09/2023,2169
18/09/2023,2170
19/09/2023,2194
20/09/2023,2265
21/09/2023,2375
22/09/2023,2371
25/09/2023,2368
26/09/2023,2385
27/09/2023,2399
28/09/2023,2486
29/09/2023,2543
02/10/2023,2600
03/10/2023,2637
04/10/2023,2698
05/10/2023,2719
06/10/2023,2675
09/10/2023,2674
10/10/2023,2622
11/10/2023,2523
12/10/2023,2510
13/10/2023,2506
16/10/2023,2506
17/10/2023,2375
18/10/2023,2390
19/10/2023,2403
20/10/2023,2412
23/10/2023,2611
24/10/2023,2496
25/10/2023,2475
26/10/2023,2531
27/10/2023,2560
30/10/2023,2583
31/10/2023,2577
01/11/2023,2601
02/11/2023,2546
03/11/2023,2525
06/11/2023,2525
07/11/2023,2525
08/11/2023,2458
09/11/2023,2466
10/11/2023,2475
13/11/2023,2495
14/11/2023,2497
15/11/2023,2452
16/11/2023,2397
17/11/2023,2412
20/11/2023,2243
21/11/2023,2175
22/11/2023,2124
23/11/2023,2125
24/11/2023,1961
27/11/2023,2006
28/11/2023,2054
29/11/2023,2020
30/11/2023,1982
01/12/2023,1982
04/12/2023,1950
05/12/2023,1937
06/12/2023,1896
07/12/2023,1896
08/12/2023,1920
11/12/2023,1935
12/12/2023,1879
13/12/2023,1815
14/12/2023,1828
15/12/2023,1854
18/12/2023,1844
19/12/2023,1853
20/12/2023,1872
21/12/2023,1860
22/12/2023,1864
25/12/2023,1864
26/12/2023,1866
27/12/2023,1894
28/12/2023,1892
29/12/2023,1906
01/01/2024,1906
02/01/2024,1938
03/01/2024,1986
04/01/2024,2018
05/01/2024,1998
08/01/2024,2049
09/01/2024,2102
10/01/2024,1985
11/01/2024,1926
12/01/2024,1904
15/01/2024,1905
16/01/2024,1920
17/01/2024,1948
18/01/2024,1966
19/01/2024,1971
22/01/2024,1935
23/01/2024,1892
24/01/2024,1897
25/01/2024,1870
26/01/2024,1856
29/01/2024,1888
30/01/2024,1936
31/01/2024,1950
01/02/2024,1959
02/02/2024,1919
05/02/2024,1869
06/02/2024,1832
07/02/2024,1928
08/02/2024,1956
09/02/2024,1993
12/02/2024,1993
13/02/2024,2032
14/02/2024,1930
15/02/2024,1895
16/02/2024,1788
19/02/2024,1788
20/02/2024,1762
21/02/2024,1786
22/02/2024,1710
23/02/2024,1686
26/02/2024,1709
27/02/2024,1753
28/02/2024,1730
29/02/2024,1705
01/03/2024,1635
04/03/2024,1590
05/03/2024,1617
06/03/2024,1621
07/03/2024,1643
08/03/2024,1690
11/03/2024,1713
12/03/2024,1645
13/03/2024,1596
14/03/2024,1648
15/03/2024,1603
18/03/2024,1581
19/03/2024,1535
20/03/2024,1498
21/03/2024,1460
22/03/2024,1432
25/03/2024,1421
26/03/2024,1430
27/03/2024,1442
28/03/2024,1439
29/03/2024,1439
01/04/2024,1439
02/04/2024,1439
03/04/2024,1419
04/04/2024,1359
05/04/2024,1302
08/04/2024,1205
09/04/2024,1220
10/04/2024,1276
11/04/2024,1290
12/04/2024,1331
15/04/2024,1375
16/04/2024,1381
17/04/2024,1270
18/04/2024,1242
19/04/2024,1216
22/04/2024,1148
23/04/2024,1174
24/04/2024,1205
25/04/2024,1234
26/04/2024,1210
29/04/2024,1208
30/04/2024,1216
01/05/2024,1224
02/05/2024,1236
03/05/2024,1243
06/05/2024,1229
07/05/2024,1219
08/05/2024,1234
09/05/2024,1263
10/05/2024,1272
13/05/2024,1248
14/05/2024,1244
15/05/2024,1235
16/05/2024,1254
17/05/2024,1263
20/05/2024,1258
21/05/2024,1298
22/05/2024,1394
23/05/2024,1433
24/05/2024,1443
27/05/2024,1443
28/05/2024,1416
29/05/2024,1376
30/05/2024,1312
31/05/2024,1312
03/06/2024,1414
04/06/2024,1494
05/06/2024,1528
06/06/2024,1596
07/06/2024,1582
10/06/2024,1488
11/06/2024,1525
12/06/2024,1484
13/06/2024,1421
14/06/2024,1382
17/06/2024,1382
18/06/2024,1385
19/06/2024,1384
20/06/2024,1402
21/06/2024,1420
24/06/2024,1443
25/06/2024,1440
26/06/2024,1429
27/06/2024,1445
28/06/2024,1456
01/07/2024,1513
02/07/2024,1536
03/07/2024,1521
04/07/2024,1523
05/07/2024,1406
08/07/2024,1496
09/07/2024,1491
10/07/2024,1477
11/07/2024,1473
12/07/2024,1511
15/07/2024,1555
16/07/2024,1584
17/07/2024,1593
18/07/2024,1587
19/07/2024,1590
22/07/2024,1570
23/07/2024,1551
24/07/2024,1577
25/07/2024,1589
26/07/2024,1562
29/07/2024,1553
30/07/2024,1556
31/07/2024,1507
01/08/2024,1550
02/08/2024,1612
05/08/2024,1653
06/08/2024,1625
07/08/2024,1574
08/08/2024,1552
09/08/2024,1558
12/08/2024,1560
13/08/2024,1557
14/08/2024,1515
15/08/2024,1490
16/08/2024,1471
19/08/2024,1471
20/08/2024,1493
21/08/2024,1525
22/08/2024,1560
23/08/2024,1516
26/08/2024,1516
27/08/2024,1510
28/08/2024,1484
29/08/2024,1444
30/08/2024,1433
02/09/2024,1433
03/09/2024,1467
04/09/2024,1465
05/09/2024,1452
06/09/2024,1483
09/09/2024,1442
10/09/2024,1445
11/09/2024,1445
12/09/2024,1422
13/09/2024,1400
16/09/2024,1365
17/09/2024,1370
18/09/2024,1363
19/09/2024,1301
20/09/2024,1319
23/09/2024,1308
24/09/2024,1303
25/09/2024,1304
26/09/2024,1302
27/09/2024,1311
30/09/2024,1290
01/10/2024,1288
02/10/2024,1276
03/10/2024,1265
04/10/2024,1258
07/10/2024,1207
08/10/2024,1188
09/10/2024,1121
10/10/2024,1126
11/10/2024,1106
14/10/2024,1106
15/10/2024,1044
16/10/2024,1052
17/10/2024,1099
18/10/2024,1097
21/10/2024,1100
22/10/2024,1099
23/10/2024,1103
24/10/2024,1036
25/10/2024,967
28/10/2024,914
29/10/2024,933
30/10/2024,956
31/10/2024,984
01/11/2024,955
04/11/2024,955
05/11/2024,933
06/11/2024,870
07/11/2024,859
08/11/2024,850
11/11/2024,850
12/11/2024,819
13/11/2024,800
14/11/2024,772
15/11/2024,769
18/11/2024,769
19/11/2024,746
20/11/2024,720
21/11/2024,734
22/11/2024,745
25/11/2024,748
26/11/2024,751
27/11/2024,755
28/11/2024,752
29/11/2024,752
02/12/2024,749
03/12/2024,754
04/12/2024,751
05/12/2024,760
06/12/2024,769
09/12/2024,737
10/12/2024,735
11/12/2024,719
12/12/2024,715
13/12/2024,708
16/12/2024,677
17/12/2024,673
18/12/2024,658
19/12/2024,663
20/12/2024,671
23/12/2024,649
24/12/2024,649
25/12/2024,650
26/12/2024,631
27/12/2024,627
30/12/2024,635
31/12/2024,635
01/01/2025,635
02/01/2025,610
03/01/2025,610
06/01/2025,569
07/01/2025,561
08/01/2025,572
09/01/2025,560
10/01/2025,580
13/01/2025,589
14/01/2025,579
15/01/2025,597
16/01/2025,626
17/01/2025,644
20/01/2025,641
21/01/2025,638
22/01/2025,640
23/01/2025,646
24/01/2025,631
27/01/2025,642
28/01/2025,634
29/01/2025,611
30/01/2025,614
31/01/2025,618
03/02/2025,632
04/02/2025,640
05/02/2025,660
06/02/2025,659
07/02/2025,660
10/02/2025,677
11/02/2025,710
12/02/2025,673
13/02/2025,675
14/02/2025,675
17/02/2025,675
18/02/2025,696
19/02/2025,719
20/02/2025,719
21/02/2025,720
24/02/2025,730
25/02/2025,748
26/02/2025,749
27/02/2025,769
28/02/2025,780
03/03/2025,780
04/03/2025,780
05/03/2025,717
06/03/2025,714
07/03/2025,692
10/03/2025,723
11/03/2025,723
12/03/2025,718
13/03/2025,748
14/03/2025,737
17/03/2025,750
18/03/2025,787
19/03/2025,777
20/03/2025,762
21/03/2025,769
25/03/2025,761
26/03/2025,769
27/03/2025,759
28/03/2025,797
31/03/2025,816
01/04/2025,823
02/04/2025,823
03/04/2025,872
04/04/2025,925
07/04/2025,960
08/04/2025,978
09/04/2025,889
10/04/2025,899
11/04/2025,874
14/04/2025,896
15/04/2025,725
16/04/2025,745
17/04/2025,745
18/04/2025,726
21/04/2025,720
22/04/2025,720
23/04/2025,720
24/04/2025,713
25/04/2025,692
28/04/2025,710
29/04/2025,701
30/04/2025,726
01/05/2025,735
02/05/2025,741
05/05/2025,741
06/05/2025,741
07/05/2025,766
08/05/2025,678
09/05/2025,678
12/05/2025,650
13/05/2025,651
14/05/2025,648
15/05/2025,676
16/05/2025,676
19/05/2025,675
20/05/2025,663
21/05/2025,661
22/05/2025,665
23/05/2025,665
26/05/2025,666
27/05/2025,666
28/05/2025,655
29/05/2025,663
03/06/2025,668
04/06/2025,688
05/06/2025,688
06/06/2025,691
09/06/2025,686
10/06/2025,655
11/06/2025,668
12/06/2025,678
13/06/2025,688
16/06/2025,687
17/06/2025,714
18/06/2025,726
23/06/2025,719
24/06/2025,681
25/06/2025,687
26/06/2025,685
27/06/2025,677
30/06/2025,701
01/07/2025,699
02/07/2025,700
03/07/2025,679
07/07/2025,698
08/07/2025,704
09/07/2025,692
10/07/2025,700
11/07/2025,717
15/07/2025,736
16/07/2025,748
17/07/2025,770
18/07/2025,759
21/07/2025,763
22/07/2025,775
23/07/2025,773
24/07/2025,753
25/07/2025,734
28/07/2025,719
29/07/2025,727
30/07/2025,716
31/07/2025,730
01/08/2025,771
04/08/2025,761
05/08/2025,743
06/08/2025,735
07/08/2025,728
08/08/2025,733
11/08/2025,724
12/08/2025,722
13/08/2025,711
14/08/2025,712
15/08/2025,709
18/08/2025,706
19/08/2025,700
20/08/2025,747
21/08/2025,753
22/08/2025,767
25/08/2025,829
26/08/2025,850
27/08/2025,853
28/08/2025,837
29/08/2025,829
02/09/2025,898
03/09/2025,893
04/09/2025,901
05/09/2025,906
08/09/2025,1108
09/09/2025,1070
10/09/2025,1024
11/09/2025,1047
12/09/2025,1140
15/09/2025,1231
16/09/2025,1167
17/09/2025,1246
18/09/2025,1456
19/09/2025,1456
22/09/2025,1089
23/09/2025,1018
24/09/2025,898
25/09/2025,973
26/09/2025,1060
27/09/2025,1060
29/09/2025,1115
30/09/2025,1222
01/10/2025,1264
02/10/2025,1264
03/10/2025,1165
06/10/2025,1080
07/10/2025,1016
08/10/2025,1074
09/10/2025,1071
10/10/2025,932
13/10/2025,932
14/10/2025,1026
15/10/2025,1004
16/10/2025,1029
17/10/2025,1089
20/10/2025,1048
21/10/2025,1075
22/10/2025,1123
23/10/2025,1081
24/10/2025,1081
27/10/2025,708
28/10/2025,685
29/10/2025,666
30/10/2025,676
