fecha,tasa_dolar_blue_ARS
Mon Jan 02 2017,1699
Tue Jan 03 2017,1711
Wed Jan 04 2017,1696
Thu Jan 05 2017,1687
Fri Jan 06 2017,1686
Mon Jan 09 2017,1688
Tue Jan 10 2017,1685
Wed Jan 11 2017,1681
Thu Jan 12 2017,1682
Fri Jan 13 2017,1679
Mon Jan 16 2017,1681
Tue Jan 17 2017,1685
Wed Jan 18 2017,1688
Thu Jan 19 2017,1689
Fri Jan 20 2017,1686
Mon Jan 23 2017,1688
Tue Jan 24 2017,1687
Wed Jan 25 2017,1685
Thu Jan 26 2017,168
Fri Jan 27 2017,168
Mon Jan 30 2017,167
Tue Jan 31 2017,1664
Wed Feb 01 2017,1661
Thu Feb 02 2017,1651
Fri Feb 03 2017,1648
Mon Feb 06 2017,1648
Tue Feb 07 2017,1649
Wed Feb 08 2017,1648
Thu Feb 09 2017,1643
Fri Feb 10 2017,1643
Mon Feb 13 2017,1645
Tue Feb 14 2017,1641
Wed Feb 15 2017,1632
Thu Feb 16 2017,1628
Fri Feb 17 2017,1648
Mon Feb 20 2017,1649
Tue Feb 21 2017,1642
Wed Feb 22 2017,1635
Thu Feb 23 2017,1626
Fri Feb 24 2017,1628
Wed Mar 01 2017,1624
Thu Mar 02 2017,1602
Fri Mar 03 2017,1607
Mon Mar 06 2017,161
Tue Mar 07 2017,1609
Wed Mar 08 2017,1602
Thu Mar 09 2017,1602
Fri Mar 10 2017,1604
Mon Mar 13 2017,1608
Tue Mar 14 2017,1607
Wed Mar 15 2017,1606
Thu Mar 16 2017,1604
Fri Mar 17 2017,1607
Mon Mar 20 2017,162
Tue Mar 21 2017,1613
Wed Mar 22 2017,1608
Thu Mar 23 2017,1609
Mon Mar 27 2017,1611
Tue Mar 28 2017,1607
Wed Mar 29 2017,159
Thu Mar 30 2017,1589
Fri Mar 31 2017,1598
Mon Apr 03 2017,1599
Tue Apr 04 2017,1588
Wed Apr 05 2017,1587
Thu Apr 06 2017,1587
Fri Apr 07 2017,1569
Mon Apr 10 2017,1563
Tue Apr 11 2017,1569
Wed Apr 12 2017,1569
Mon Apr 17 2017,1591
Tue Apr 18 2017,1587
Wed Apr 19 2017,161
Thu Apr 20 2017,1609
Fri Apr 21 2017,1609
Mon Apr 24 2017,1612
Tue Apr 25 2017,161
Wed Apr 26 2017,1606
Thu Apr 27 2017,1595
Fri Apr 28 2017,1599
Tue May 02 2017,1597
Wed May 03 2017,1589
Thu May 04 2017,1591
Fri May 05 2017,1591
Mon May 08 2017,1601
Tue May 09 2017,1595
Wed May 10 2017,1594
Thu May 11 2017,1592
Fri May 12 2017,1593
Mon May 15 2017,1597
Tue May 16 2017,1605
Wed May 17 2017,1606
Thu May 18 2017,162
Fri May 19 2017,1611
Mon May 22 2017,1622
Tue May 23 2017,1628
Wed May 24 2017,1629
Fri May 26 2017,1634
Mon May 29 2017,1641
Tue May 30 2017,1645
Wed May 31 2017,1639
Thu Jun 01 2017,163
Fri Jun 02 2017,1632
Mon Jun 05 2017,1634
Tue Jun 06 2017,1638
Wed Jun 07 2017,1636
Thu Jun 08 2017,1634
Fri Jun 09 2017,1635
Mon Jun 12 2017,1641
Tue Jun 13 2017,1641
Wed Jun 14 2017,1651
Thu Jun 15 2017,1649
Fri Jun 16 2017,1653
Mon Jun 19 2017,1664
Wed Jun 21 2017,167
Thu Jun 22 2017,1653
Fri Jun 23 2017,1656
Mon Jun 26 2017,1667
Tue Jun 27 2017,1672
Wed Jun 28 2017,1667
Thu Jun 29 2017,1671
Fri Jun 30 2017,1684
Mon Jul 03 2017,1691
Tue Jul 04 2017,1696
Wed Jul 05 2017,1721
Thu Jul 06 2017,1725
Fri Jul 07 2017,172
Mon Jul 10 2017,173
Tue Jul 11 2017,1742
Wed Jul 12 2017,175
Thu Jul 13 2017,176
Fri Jul 14 2017,1757
Mon Jul 17 2017,1772
Tue Jul 18 2017,1784
Wed Jul 19 2017,1782
Thu Jul 20 2017,1784
Fri Jul 21 2017,1796
Mon Jul 24 2017,1805
Tue Jul 25 2017,1814
Wed Jul 26 2017,1827
Thu Jul 27 2017,1842
Fri Jul 28 2017,1843
Mon Jul 31 2017,1809
Tue Aug 01 2017,1809
Wed Aug 02 2017,1826
Thu Aug 03 2017,1818
Fri Aug 04 2017,1815
Mon Aug 07 2017,1819
Tue Aug 08 2017,184
Wed Aug 09 2017,1841
Thu Aug 10 2017,1848
Fri Aug 11 2017,1848
Mon Aug 14 2017,181
Tue Aug 15 2017,1815
Wed Aug 16 2017,183
Thu Aug 17 2017,1835
Fri Aug 18 2017,183
Tue Aug 22 2017,1832
Wed Aug 23 2017,183
Thu Aug 24 2017,1826
Fri Aug 25 2017,1828
Mon Aug 28 2017,1831
Tue Aug 29 2017,1829
Wed Aug 30 2017,1826
Thu Aug 31 2017,1823
Fri Sep 01 2017,1815
Mon Sep 04 2017,181
Tue Sep 05 2017,1799
Wed Sep 06 2017,1795
Thu Sep 07 2017,1783
Fri Sep 08 2017,1788
Mon Sep 11 2017,1794
Tue Sep 12 2017,1788
Wed Sep 13 2017,1785
Thu Sep 14 2017,1786
Fri Sep 15 2017,1784
Mon Sep 18 2017,1792
Tue Sep 19 2017,1795
Wed Sep 20 2017,1797
Thu Sep 21 2017,1795
Fri Sep 22 2017,1795
Mon Sep 25 2017,1797
Tue Sep 26 2017,1805
Wed Sep 27 2017,1799
Thu Sep 28 2017,1797
Fri Sep 29 2017,1791
Mon Oct 02 2017,1796
Tue Oct 03 2017,179
Wed Oct 04 2017,1782
Thu Oct 05 2017,178
Fri Oct 06 2017,1778
Mon Oct 09 2017,1787
Tue Oct 10 2017,1786
Wed Oct 11 2017,1785
Thu Oct 12 2017,1789
Fri Oct 13 2017,179
Tue Oct 17 2017,1802
Wed Oct 18 2017,1805
Thu Oct 19 2017,1798
Fri Oct 20 2017,1801
Mon Oct 23 2017,1807
Tue Oct 24 2017,1814
Wed Oct 25 2017,181
Thu Oct 26 2017,1808
Fri Oct 27 2017,1812
Mon Oct 30 2017,1815
Tue Oct 31 2017,181
Wed Nov 01 2017,1803
Thu Nov 02 2017,1803
Fri Nov 03 2017,1801
Tue Nov 07 2017,18
Wed Nov 08 2017,179
Thu Nov 09 2017,1795
Fri Nov 10 2017,1798
Mon Nov 13 2017,1808
Tue Nov 14 2017,1807
Wed Nov 15 2017,1806
Thu Nov 16 2017,1806
Fri Nov 17 2017,1809
Tue Nov 21 2017,1812
Wed Nov 22 2017,1814
Thu Nov 23 2017,181
Fri Nov 24 2017,1807
Mon Nov 27 2017,1811
Tue Nov 28 2017,1814
Wed Nov 29 2017,1812
Thu Nov 30 2017,1796
Fri Dec 01 2017,1801
Mon Dec 04 2017,1807
Tue Dec 05 2017,1796
Wed Dec 06 2017,1795
Thu Dec 07 2017,1788
Mon Dec 11 2017,1793
Tue Dec 12 2017,1795
Wed Dec 13 2017,1793
Thu Dec 14 2017,1796
Fri Dec 15 2017,1809
Mon Dec 18 2017,1825
Tue Dec 19 2017,1814
Wed Dec 20 2017,1806
Thu Dec 21 2017,1823
Fri Dec 22 2017,1847
Tue Dec 26 2017,189
Wed Dec 27 2017,1905
Thu Dec 28 2017,1955
Fri Dec 29 2017,1928
Tue Jan 02 2018,1925
Wed Jan 03 2018,1929
Thu Jan 04 2018,1941
Fri Jan 05 2018,1945
Mon Jan 08 2018,1958
Tue Jan 09 2018,1954
Wed Jan 10 2018,1932
Thu Jan 11 2018,1941
Fri Jan 12 2018,1954
Mon Jan 15 2018,1961
Tue Jan 16 2018,196
Wed Jan 17 2018,1962
Thu Jan 18 2018,1964
Fri Jan 19 2018,1969
Mon Jan 22 2018,198
Tue Jan 23 2018,1988
Wed Jan 24 2018,2003
Thu Jan 25 2018,1996
Fri Jan 26 2018,1998
Mon Jan 29 2018,2003
Tue Jan 30 2018,2004
Wed Jan 31 2018,1995
Thu Feb 01 2018,1993
Fri Feb 02 2018,1992
Mon Feb 05 2018,1992
Tue Feb 06 2018,1989
Wed Feb 07 2018,1985
Thu Feb 08 2018,1993
Fri Feb 09 2018,2023
Wed Feb 14 2018,202
Thu Feb 15 2018,2012
Fri Feb 16 2018,2015
Mon Feb 19 2018,2023
Tue Feb 20 2018,2016
Wed Feb 21 2018,203
Thu Feb 22 2018,2031
Fri Feb 23 2018,2035
Mon Feb 26 2018,204
Tue Feb 27 2018,204
Wed Feb 28 2018,2035
Thu Mar 01 2018,204
Fri Mar 02 2018,205
Mon Mar 05 2018,2055
Tue Mar 06 2018,2065
Wed Mar 07 2018,2068
Thu Mar 08 2018,2065
Fri Mar 09 2018,2061
Mon Mar 12 2018,206
Tue Mar 13 2018,2067
Wed Mar 14 2018,2075
Thu Mar 15 2018,2082
Fri Mar 16 2018,2089
Mon Mar 19 2018,2092
Tue Mar 20 2018,2097
Wed Mar 21 2018,2098
Thu Mar 22 2018,209
Fri Mar 23 2018,2094
Mon Mar 26 2018,2088
Tue Mar 27 2018,2076
Wed Mar 28 2018,2076
Tue Apr 03 2018,2082
Wed Apr 04 2018,206
Thu Apr 05 2018,2065
Fri Apr 06 2018,2064
Mon Apr 09 2018,2061
Tue Apr 10 2018,2061
Wed Apr 11 2018,207
Thu Apr 12 2018,207
Fri Apr 13 2018,207
Mon Apr 16 2018,207
Tue Apr 17 2018,207
Wed Apr 18 2018,2063
Thu Apr 19 2018,2055
Fri Apr 20 2018,2058
Mon Apr 23 2018,2057
Tue Apr 24 2018,2059
Wed Apr 25 2018,2056
Thu Apr 26 2018,2085
Fri Apr 27 2018,21
Wed May 02 2018,215
Thu May 03 2018,235
Fri May 04 2018,222
Mon May 07 2018,225
Tue May 08 2018,23
Wed May 09 2018,235
Thu May 10 2018,2355
Fri May 11 2018,2425
Mon May 14 2018,268
Tue May 15 2018,248
Wed May 16 2018,25
Thu May 17 2018,252
Fri May 18 2018,254
Mon May 21 2018,254
Tue May 22 2018,254
Wed May 23 2018,2549
Thu May 24 2018,2575
Mon May 28 2018,2585
Tue May 29 2018,2585
Wed May 30 2018,259
Thu May 31 2018,2597
Fri Jun 01 2018,26
Mon Jun 04 2018,26
Tue Jun 05 2018,259
Wed Jun 06 2018,2555
Thu Jun 07 2018,2565
Fri Jun 08 2018,262
Mon Jun 11 2018,263
Tue Jun 12 2018,267
Wed Jun 13 2018,27
Thu Jun 14 2018,287
Fri Jun 15 2018,287
Mon Jun 18 2018,285
Tue Jun 19 2018,285
Thu Jun 21 2018,285
Fri Jun 22 2018,281
Mon Jun 25 2018,283
Tue Jun 26 2018,283
Wed Jun 27 2018,283
Thu Jun 28 2018,285
Fri Jun 29 2018,294
Mon Jul 02 2018,293
Tue Jul 03 2018,29
Wed Jul 04 2018,2895
Thu Jul 05 2018,289
Fri Jul 06 2018,289
Tue Jul 10 2018,285
Wed Jul 11 2018,285
Thu Jul 12 2018,284
Fri Jul 13 2018,2868
Mon Jul 16 2018,2885
Tue Jul 17 2018,288
Wed Jul 18 2018,2865
Thu Jul 19 2018,2865
Fri Jul 20 2018,289
Mon Jul 23 2018,288
Tue Jul 24 2018,287
Wed Jul 25 2018,287
Thu Jul 26 2018,287
Fri Jul 27 2018,287
Mon Jul 30 2018,2865
Tue Jul 31 2018,2845
Wed Aug 01 2018,2845
Thu Aug 02 2018,284
Fri Aug 03 2018,2835
Mon Aug 06 2018,283
Tue Aug 07 2018,283
Wed Aug 08 2018,283
Thu Aug 09 2018,285
Fri Aug 10 2018,295
Mon Aug 13 2018,305
Tue Aug 14 2018,305
Wed Aug 15 2018,305
Thu Aug 16 2018,301
Fri Aug 17 2018,302
Tue Aug 21 2018,305
Wed Aug 22 2018,308
Thu Aug 23 2018,3095
Fri Aug 24 2018,3135
Mon Aug 27 2018,322
Tue Aug 28 2018,33
Wed Aug 29 2018,35
Thu Aug 30 2018,40
Fri Aug 31 2018,38
Mon Sep 03 2018,387
Tue Sep 04 2018,40
Wed Sep 05 2018,392
Thu Sep 06 2018,386
Fri Sep 07 2018,375
Mon Sep 10 2018,377
Tue Sep 11 2018,3825
Wed Sep 12 2018,385
Thu Sep 13 2018,395
Fri Sep 14 2018,40
Mon Sep 17 2018,4035
Tue Sep 18 2018,3975
Wed Sep 19 2018,395
Thu Sep 20 2018,39
Fri Sep 21 2018,3825
Mon Sep 24 2018,3825
Tue Sep 25 2018,40
Wed Sep 26 2018,3925
Thu Sep 27 2018,405
Fri Sep 28 2018,413
Mon Oct 01 2018,40
Tue Oct 02 2018,385
Wed Oct 03 2018,39
Thu Oct 04 2018,388
Fri Oct 05 2018,385
Mon Oct 08 2018,38
Tue Oct 09 2018,38
Wed Oct 10 2018,38
Thu Oct 11 2018,38
Fri Oct 12 2018,378
Tue Oct 16 2018,378
Wed Oct 17 2018,377
Thu Oct 18 2018,3775
Fri Oct 19 2018,3775
Mon Oct 22 2018,3725
Tue Oct 23 2018,373
Wed Oct 24 2018,372
Thu Oct 25 2018,372
Fri Oct 26 2018,3725
Mon Oct 29 2018,37
Tue Oct 30 2018,37
Wed Oct 31 2018,365
Thu Nov 01 2018,3625
Fri Nov 02 2018,3625
Mon Nov 05 2018,356
Wed Nov 07 2018,355
Thu Nov 08 2018,355
Fri Nov 09 2018,355
Mon Nov 12 2018,3525
Tue Nov 13 2018,36
Wed Nov 14 2018,36
Thu Nov 15 2018,3609
Fri Nov 16 2018,3606
Tue Nov 20 2018,3626
Wed Nov 21 2018,363
Thu Nov 22 2018,365
Fri Nov 23 2018,375
Mon Nov 26 2018,39
Tue Nov 27 2018,385
Wed Nov 28 2018,38
Thu Nov 29 2018,38
Mon Dec 03 2018,37
Tue Dec 04 2018,37
Wed Dec 05 2018,37
Thu Dec 06 2018,375
Fri Dec 07 2018,375
Mon Dec 10 2018,375
Tue Dec 11 2018,375
Wed Dec 12 2018,375
Thu Dec 13 2018,3765
Fri Dec 14 2018,3765
Mon Dec 17 2018,385
Tue Dec 18 2018,385
Wed Dec 19 2018,39
Thu Dec 20 2018,39
Fri Dec 21 2018,39
Wed Dec 26 2018,3975
Thu Dec 27 2018,40
Fri Dec 28 2018,405
Wed Jan 02 2019,405
Thu Jan 03 2019,4025
Fri Jan 04 2019,40
Mon Jan 07 2019,395
Tue Jan 08 2019,3925
Wed Jan 09 2019,3975
Thu Jan 10 2019,3925
Fri Jan 11 2019,3925
Mon Jan 14 2019,39
Tue Jan 15 2019,3925
Wed Jan 16 2019,3925
Thu Jan 17 2019,39
Fri Jan 18 2019,39
Mon Jan 21 2019,3875
Tue Jan 22 2019,3875
Wed Jan 23 2019,39
Thu Jan 24 2019,385
Fri Jan 25 2019,3825
Mon Jan 28 2019,3825
Tue Jan 29 2019,385
Wed Jan 30 2019,3825
Thu Jan 31 2019,375
Fri Feb 01 2019,3775
Mon Feb 04 2019,375
Tue Feb 05 2019,373
Wed Feb 06 2019,3725
Thu Feb 07 2019,3775
Fri Feb 08 2019,375
Mon Feb 11 2019,38
Tue Feb 12 2019,38
Wed Feb 13 2019,3825
Thu Feb 14 2019,385
Fri Feb 15 2019,3875
Mon Feb 18 2019,3875
Tue Feb 19 2019,39
Wed Feb 20 2019,3975
Thu Feb 21 2019,3925
Fri Feb 22 2019,3875
Mon Feb 25 2019,3875
Tue Feb 26 2019,3925
Wed Feb 27 2019,39
Thu Feb 28 2019,39
Fri Mar 01 2019,39
Wed Mar 06 2019,405
Thu Mar 07 2019,425
Fri Mar 08 2019,41
Mon Mar 11 2019,41
Tue Mar 12 2019,4125
Wed Mar 13 2019,415
Thu Mar 14 2019,41
Fri Mar 15 2019,41
Mon Mar 18 2019,41
Tue Mar 19 2019,4125
Wed Mar 20 2019,4125
Thu Mar 21 2019,4125
Fri Mar 22 2019,4175
Mon Mar 25 2019,419
Tue Mar 26 2019,4255
Wed Mar 27 2019,44
Thu Mar 28 2019,438
Fri Mar 29 2019,4365
Mon Apr 01 2019,435
Wed Apr 03 2019,435
Thu Apr 04 2019,4365
Fri Apr 05 2019,44
Mon Apr 08 2019,44
Tue Apr 09 2019,44
Wed Apr 10 2019,44
Thu Apr 11 2019,44
Fri Apr 12 2019,4365
Mon Apr 15 2019,435
Tue Apr 16 2019,438
Wed Apr 17 2019,4345
Mon Apr 22 2019,4435
Tue Apr 23 2019,4415
Wed Apr 24 2019,445
Thu Apr 25 2019,46
Fri Apr 26 2019,461
Mon Apr 29 2019,4507
Tue Apr 30 2019,46
Thu May 02 2019,4625
Fri May 03 2019,4575
Mon May 06 2019,465
Tue May 07 2019,46
Wed May 08 2019,46
Thu May 09 2019,46
Fri May 10 2019,46
Mon May 13 2019,46
Tue May 14 2019,46
Wed May 15 2019,46
Thu May 16 2019,46
Fri May 17 2019,461
Mon May 20 2019,4635
Tue May 21 2019,4625
Wed May 22 2019,461
Thu May 23 2019,462
Fri May 24 2019,4615
Mon May 27 2019,4615
Tue May 28 2019,462
Wed May 29 2019,462
Thu May 30 2019,459
Fri May 31 2019,46
Mon Jun 03 2019,461
Tue Jun 04 2019,46
Wed Jun 05 2019,456
Thu Jun 06 2019,4565
Fri Jun 07 2019,457
Mon Jun 10 2019,455
Tue Jun 11 2019,455
Wed Jun 12 2019,453
Thu Jun 13 2019,453
Fri Jun 14 2019,452
Tue Jun 18 2019,4515
Wed Jun 19 2019,449
Fri Jun 21 2019,445
Mon Jun 24 2019,4444
Tue Jun 25 2019,441
Wed Jun 26 2019,442
Thu Jun 27 2019,442
Fri Jun 28 2019,438
Mon Jul 01 2019,4345
Tue Jul 02 2019,435
Wed Jul 03 2019,4305
Thu Jul 04 2019,429
Fri Jul 05 2019,429
Wed Jul 10 2019,428
Thu Jul 11 2019,432
Fri Jul 12 2019,4325
Mon Jul 15 2019,4375
Tue Jul 16 2019,4445
Wed Jul 17 2019,442
Thu Jul 18 2019,4395
Fri Jul 19 2019,4395
Mon Jul 22 2019,4405
Tue Jul 23 2019,4425
Wed Jul 24 2019,446
Thu Jul 25 2019,4495
Fri Jul 26 2019,4495
Mon Jul 29 2019,4515
Tue Jul 30 2019,4515
Wed Jul 31 2019,452
Thu Aug 01 2019,4543
Fri Aug 02 2019,459
Mon Aug 05 2019,466
Tue Aug 06 2019,464
Wed Aug 07 2019,465
Thu Aug 08 2019,4672
Fri Aug 09 2019,469
Mon Aug 12 2019,57
Tue Aug 13 2019,57
Wed Aug 14 2019,62
Thu Aug 15 2019,59
Fri Aug 16 2019,59
Tue Aug 20 2019,58
Wed Aug 21 2019,585
Thu Aug 22 2019,58
Fri Aug 23 2019,58
Mon Aug 26 2019,575
Tue Aug 27 2019,59
Wed Aug 28 2019,605
Thu Aug 29 2019,6075
Fri Aug 30 2019,63
Mon Sep 02 2019,635
Tue Sep 03 2019,61
Wed Sep 04 2019,59
Thu Sep 05 2019,59
Fri Sep 06 2019,59
Mon Sep 09 2019,59
Tue Sep 10 2019,5875
Wed Sep 11 2019,59
Thu Sep 12 2019,60
Fri Sep 13 2019,615
Mon Sep 16 2019,615
Tue Sep 17 2019,62
Wed Sep 18 2019,6275
Thu Sep 19 2019,63
Fri Sep 20 2019,6275
Mon Sep 23 2019,6225
Tue Sep 24 2019,6175
Wed Sep 25 2019,6175
Thu Sep 26 2019,62
Fri Sep 27 2019,615
Mon Sep 30 2019,6125
Tue Oct 01 2019,6075
Wed Oct 02 2019,615
Thu Oct 03 2019,61
Fri Oct 04 2019,6125
Mon Oct 07 2019,6125
Tue Oct 08 2019,615
Wed Oct 09 2019,6175
Thu Oct 10 2019,63
Fri Oct 11 2019,635
Tue Oct 15 2019,635
Wed Oct 16 2019,645
Thu Oct 17 2019,675
Fri Oct 18 2019,6525
Mon Oct 21 2019,6625
Tue Oct 22 2019,6725
Wed Oct 23 2019,6975
Thu Oct 24 2019,6975
Fri Oct 25 2019,7575
Mon Oct 28 2019,74
Tue Oct 29 2019,67
Wed Oct 30 2019,67
Thu Oct 31 2019,69
Fri Nov 01 2019,675
Mon Nov 04 2019,655
Tue Nov 05 2019,645
Wed Nov 06 2019,65
Thu Nov 07 2019,64
Fri Nov 08 2019,6525
Mon Nov 11 2019,645
Tue Nov 12 2019,655
Wed Nov 13 2019,6675
Thu Nov 14 2019,6675
Fri Nov 15 2019,6675
Tue Nov 19 2019,665
Wed Nov 20 2019,6675
Thu Nov 21 2019,6675
Fri Nov 22 2019,685
Mon Nov 25 2019,68
Tue Nov 26 2019,6825
Wed Nov 27 2019,6925
Thu Nov 28 2019,6975
Fri Nov 29 2019,6925
Mon Dec 02 2019,6825
Tue Dec 03 2019,685
Wed Dec 04 2019,69
Thu Dec 05 2019,70
Fri Dec 06 2019,71
Mon Dec 09 2019,70
Tue Dec 10 2019,695
Wed Dec 11 2019,685
Thu Dec 12 2019,665
Fri Dec 13 2019,6675
Mon Dec 16 2019,725
Tue Dec 17 2019,74
Wed Dec 18 2019,76
Thu Dec 19 2019,7575
Fri Dec 20 2019,75
Mon Dec 23 2019,7675
Thu Dec 26 2019,80
Fri Dec 27 2019,785
Mon Dec 30 2019,785
Thu Jan 02 2020,77
Fri Jan 03 2020,77
Mon Jan 06 2020,7725
Tue Jan 07 2020,7625
Wed Jan 08 2020,765
Thu Jan 09 2020,765
Fri Jan 10 2020,765
Mon Jan 13 2020,765
Tue Jan 14 2020,775
Wed Jan 15 2020,78
Thu Jan 16 2020,7775
Fri Jan 17 2020,7775
Mon Jan 20 2020,78
Tue Jan 21 2020,775
Wed Jan 22 2020,7775
Thu Jan 23 2020,7775
Fri Jan 24 2020,785
Mon Jan 27 2020,78
Tue Jan 28 2020,7825
Wed Jan 29 2020,7825
Thu Jan 30 2020,78
Fri Jan 31 2020,78
Mon Feb 03 2020,78
Tue Feb 04 2020,78
Wed Feb 05 2020,78
Thu Feb 06 2020,775
Fri Feb 07 2020,775
Mon Feb 10 2020,77
Tue Feb 11 2020,775
Wed Feb 12 2020,7825
Thu Feb 13 2020,789
Fri Feb 14 2020,779
Mon Feb 17 2020,78
Tue Feb 18 2020,787
Wed Feb 19 2020,789
Thu Feb 20 2020,788
Fri Feb 21 2020,788
Wed Feb 26 2020,787
Thu Feb 27 2020,785
Fri Feb 28 2020,785
Mon Mar 02 2020,785
Tue Mar 03 2020,785
Wed Mar 04 2020,785
Thu Mar 05 2020,785
Fri Mar 06 2020,785
Mon Mar 09 2020,795
Tue Mar 10 2020,7975
Wed Mar 11 2020,80
Thu Mar 12 2020,83
Fri Mar 13 2020,8375
Mon Mar 16 2020,85
Tue Mar 17 2020,865
Wed Mar 18 2020,8925
Thu Mar 19 2020,855
Fri Mar 20 2020,855
Wed Mar 25 2020,845
Thu Mar 26 2020,845
Fri Mar 27 2020,835
Mon Mar 30 2020,835
Wed Apr 01 2020,835
Thu Apr 02 2020,835
Fri Apr 03 2020,835
Mon Apr 06 2020,85
Tue Apr 07 2020,85
Wed Apr 08 2020,85
Mon Apr 13 2020,8925
Tue Apr 14 2020,90
Wed Apr 15 2020,96
Thu Apr 16 2020,100
Fri Apr 17 2020,105
Mon Apr 20 2020,105
Tue Apr 21 2020,107
Wed Apr 22 2020,110
Thu Apr 23 2020,120
Fri Apr 24 2020,117
Mon Apr 27 2020,118
Tue Apr 28 2020,120
Wed Apr 29 2020,121
Thu Apr 30 2020,118
Mon May 04 2020,120
Tue May 05 2020,120
Wed May 06 2020,122
Thu May 07 2020,122
Fri May 08 2020,122
Mon May 11 2020,1245
Tue May 12 2020,127
Wed May 13 2020,133
Thu May 14 2020,138
Fri May 15 2020,138
Mon May 18 2020,128
Tue May 19 2020,124
Wed May 20 2020,124
Thu May 21 2020,125
Fri May 22 2020,126
Tue May 26 2020,129
Wed May 27 2020,127
Thu May 28 2020,124
Fri May 29 2020,125
Mon Jun 01 2020,128
Tue Jun 02 2020,124
Wed Jun 03 2020,123
Thu Jun 04 2020,123
Fri Jun 05 2020,125
Mon Jun 08 2020,125
Tue Jun 09 2020,124
Wed Jun 10 2020,124
Thu Jun 11 2020,123
Fri Jun 12 2020,126
Tue Jun 16 2020,125
Wed Jun 17 2020,124
Thu Jun 18 2020,127
Fri Jun 19 2020,128
Mon Jun 22 2020,127
Tue Jun 23 2020,127
Wed Jun 24 2020,128
Thu Jun 25 2020,128
Fri Jun 26 2020,129
Mon Jun 29 2020,129
Tue Jun 30 2020,126
Wed Jul 01 2020,128
Thu Jul 02 2020,129
Fri Jul 03 2020,127
Mon Jul 06 2020,127
Tue Jul 07 2020,127
Wed Jul 08 2020,127
Fri Jul 10 2020,127
Mon Jul 13 2020,127
Tue Jul 14 2020,127
Wed Jul 15 2020,127
Thu Jul 16 2020,130
Fri Jul 17 2020,130
Mon Jul 20 2020,130
Tue Jul 21 2020,132
Wed Jul 22 2020,133
Thu Jul 23 2020,136
Fri Jul 24 2020,139
Mon Jul 27 2020,136
Tue Jul 28 2020,135
Wed Jul 29 2020,135
Thu Jul 30 2020,136
Fri Jul 31 2020,136
Mon Aug 03 2020,136
Tue Aug 04 2020,128
Wed Aug 05 2020,129
Thu Aug 06 2020,130
Fri Aug 07 2020,132
Mon Aug 10 2020,131
Tue Aug 11 2020,131
Wed Aug 12 2020,132
Thu Aug 13 2020,133
Fri Aug 14 2020,132
Mon Aug 17 2020,132
Tue Aug 18 2020,132
Wed Aug 19 2020,134
Thu Aug 20 2020,136
Fri Aug 21 2020,138
Mon Aug 24 2020,137
Tue Aug 25 2020,137
Wed Aug 26 2020,137
Thu Aug 27 2020,138
Fri Aug 28 2020,136
Mon Aug 31 2020,135
Tue Sep 01 2020,133
Wed Sep 02 2020,133
Thu Sep 03 2020,134
Fri Sep 04 2020,132
Mon Sep 07 2020,131
Tue Sep 08 2020,131
Wed Sep 09 2020,131
Thu Sep 10 2020,131
Fri Sep 11 2020,131
Mon Sep 14 2020,132
Tue Sep 15 2020,131
Wed Sep 16 2020,145
Thu Sep 17 2020,141
Fri Sep 18 2020,140
Mon Sep 21 2020,141
Tue Sep 22 2020,144
Wed Sep 23 2020,145
Thu Sep 24 2020,147
Fri Sep 25 2020,145
Mon Sep 28 2020,145
Tue Sep 29 2020,146
Wed Sep 30 2020,146
Thu Oct 01 2020,147
Fri Oct 02 2020,150
Mon Oct 05 2020,150
Tue Oct 06 2020,152
Wed Oct 07 2020,155
Thu Oct 08 2020,158
Fri Oct 09 2020,167
Tue Oct 13 2020,166
Wed Oct 14 2020,167
Thu Oct 15 2020,171
Fri Oct 16 2020,178
Mon Oct 19 2020,181
Tue Oct 20 2020,180
Wed Oct 21 2020,183
Thu Oct 22 2020,190
Fri Oct 23 2020,195
Mon Oct 26 2020,190
Tue Oct 27 2020,181
Wed Oct 28 2020,178
Thu Oct 29 2020,175
Fri Oct 30 2020,169
Mon Nov 02 2020,168
Tue Nov 03 2020,165
Wed Nov 04 2020,161
Thu Nov 05 2020,157
Fri Nov 06 2020,157
Mon Nov 09 2020,151
Tue Nov 10 2020,149
Wed Nov 11 2020,162
Thu Nov 12 2020,167
Fri Nov 13 2020,172
Mon Nov 16 2020,162
Tue Nov 17 2020,163
Wed Nov 18 2020,164
Thu Nov 19 2020,163
Fri Nov 20 2020,161
Tue Nov 24 2020,160
Wed Nov 25 2020,158
Thu Nov 26 2020,157
Fri Nov 27 2020,156
Mon Nov 30 2020,155
Wed Dec 02 2020,153
Thu Dec 03 2020,151
Fri Dec 04 2020,150
Wed Dec 09 2020,149
Thu Dec 10 2020,146
Fri Dec 11 2020,148
Mon Dec 14 2020,151
Tue Dec 15 2020,151
Wed Dec 16 2020,150
Thu Dec 17 2020,149
Fri Dec 18 2020,150
Mon Dec 21 2020,150
Tue Dec 22 2020,152
Wed Dec 23 2020,159
Mon Dec 28 2020,164
Tue Dec 29 2020,165
Wed Dec 30 2020,166
Mon Jan 04 2021,165
Tue Jan 05 2021,160
Wed Jan 06 2021,160
Thu Jan 07 2021,162
Fri Jan 08 2021,162
Mon Jan 11 2021,161
Tue Jan 12 2021,159
Wed Jan 13 2021,159
Thu Jan 14 2021,159
Fri Jan 15 2021,159
Mon Jan 18 2021,159
Tue Jan 19 2021,157
Wed Jan 20 2021,156
Thu Jan 21 2021,156
Fri Jan 22 2021,156
Mon Jan 25 2021,156
Tue Jan 26 2021,156
Wed Jan 27 2021,156
Thu Jan 28 2021,154
Fri Jan 29 2021,155
Mon Feb 01 2021,154
Tue Feb 02 2021,153
Wed Feb 03 2021,153
Thu Feb 04 2021,150
Fri Feb 05 2021,151
Mon Feb 08 2021,151
Tue Feb 09 2021,152
Wed Feb 10 2021,151
Thu Feb 11 2021,149
Fri Feb 12 2021,149
Wed Feb 17 2021,149
Thu Feb 18 2021,148
Fri Feb 19 2021,148
Mon Feb 22 2021,147
Tue Feb 23 2021,147
Wed Feb 24 2021,146
Thu Feb 25 2021,143
Fri Feb 26 2021,145
Mon Mar 01 2021,147
Tue Mar 02 2021,145
Wed Mar 03 2021,145
Thu Mar 04 2021,144
Fri Mar 05 2021,144
Mon Mar 08 2021,144
Tue Mar 09 2021,144
Wed Mar 10 2021,143
Thu Mar 11 2021,143
Fri Mar 12 2021,141
Mon Mar 15 2021,142
Tue Mar 16 2021,144
Wed Mar 17 2021,143
Thu Mar 18 2021,144
Fri Mar 19 2021,144
Mon Mar 22 2021,144
Tue Mar 23 2021,143
Thu Mar 25 2021,143
Fri Mar 26 2021,142
Mon Mar 29 2021,142
Tue Mar 30 2021,141
Wed Mar 31 2021,141
Mon Apr 05 2021,141
Tue Apr 06 2021,140
Wed Apr 07 2021,139
Thu Apr 08 2021,140
Fri Apr 09 2021,140
Mon Apr 12 2021,141
Tue Apr 13 2021,143
Wed Apr 14 2021,143
Thu Apr 15 2021,143
Fri Apr 16 2021,142
Mon Apr 19 2021,143
Tue Apr 20 2021,143
Wed Apr 21 2021,144
Thu Apr 22 2021,145
Fri Apr 23 2021,150
Mon Apr 26 2021,156
Tue Apr 27 2021,159
Wed Apr 28 2021,162
Thu Apr 29 2021,157
Fri Apr 30 2021,150
Mon May 03 2021,153
Tue May 04 2021,154
Wed May 05 2021,152
Thu May 06 2021,151
Fri May 07 2021,151
Mon May 10 2021,152
Tue May 11 2021,151
Wed May 12 2021,151
Thu May 13 2021,151
Fri May 14 2021,152
Mon May 17 2021,153
Tue May 18 2021,156
Wed May 19 2021,156
Thu May 20 2021,155
Fri May 21 2021,155
Mon May 24 2021,153
Wed May 26 2021,155
Thu May 27 2021,156
Fri May 28 2021,157
Mon May 31 2021,157
Tue Jun 01 2021,155
Wed Jun 02 2021,156
Thu Jun 03 2021,156
Fri Jun 04 2021,156
Mon Jun 07 2021,157
Tue Jun 08 2021,156
Wed Jun 09 2021,156
Thu Jun 10 2021,157
Fri Jun 11 2021,158
Mon Jun 14 2021,158
Tue Jun 15 2021,160
Wed Jun 16 2021,162
Thu Jun 17 2021,163
Fri Jun 18 2021,164
Tue Jun 22 2021,165
Wed Jun 23 2021,165
Thu Jun 24 2021,168
Fri Jun 25 2021,174
Mon Jun 28 2021,173
Tue Jun 29 2021,170
Wed Jun 30 2021,168
Thu Jul 01 2021,169
Fri Jul 02 2021,170
Mon Jul 05 2021,171
Tue Jul 06 2021,171
Wed Jul 07 2021,172
Thu Jul 08 2021,173
Mon Jul 12 2021,179
Tue Jul 13 2021,176
Wed Jul 14 2021,176
Thu Jul 15 2021,178
Fri Jul 16 2021,178
Mon Jul 19 2021,180
Tue Jul 20 2021,183
Wed Jul 21 2021,183
Thu Jul 22 2021,185
Fri Jul 23 2021,185
Mon Jul 26 2021,185
Tue Jul 27 2021,183
Wed Jul 28 2021,180
Thu Jul 29 2021,180
Fri Jul 30 2021,1805
Mon Aug 02 2021,1805
Tue Aug 03 2021,1805
Wed Aug 04 2021,1805
Thu Aug 05 2021,1795
Fri Aug 06 2021,1785
Mon Aug 09 2021,179
Tue Aug 10 2021,1785
Wed Aug 11 2021,178
Thu Aug 12 2021,178
Fri Aug 13 2021,181
Tue Aug 17 2021,183
Wed Aug 18 2021,182
Thu Aug 19 2021,1815
Fri Aug 20 2021,182
Mon Aug 23 2021,182
Tue Aug 24 2021,182
Wed Aug 25 2021,182
Thu Aug 26 2021,1815
Fri Aug 27 2021,1815
Mon Aug 30 2021,182
Wed Sep 01 2021,1805
Thu Sep 02 2021,1805
Fri Sep 03 2021,181
Mon Sep 06 2021,182
Tue Sep 07 2021,182
Wed Sep 08 2021,187
Thu Sep 09 2021,1865
Fri Sep 10 2021,185
Mon Sep 13 2021,182
Tue Sep 14 2021,182
Wed Sep 15 2021,184
Thu Sep 16 2021,186
Fri Sep 17 2021,186
Mon Sep 20 2021,1855
Tue Sep 21 2021,1845
Wed Sep 22 2021,184
Thu Sep 23 2021,185
Fri Sep 24 2021,185
Mon Sep 27 2021,1865
Tue Sep 28 2021,187
Wed Sep 29 2021,187
Thu Sep 30 2021,186
Fri Oct 01 2021,186
Mon Oct 04 2021,186
Tue Oct 05 2021,185
Wed Oct 06 2021,185
Thu Oct 07 2021,185
Tue Oct 12 2021,185
Wed Oct 13 2021,185
Thu Oct 14 2021,1855
Fri Oct 15 2021,186
Tue Oct 19 2021,1865
Wed Oct 20 2021,1875
Thu Oct 21 2021,189
Fri Oct 22 2021,1935
Mon Oct 25 2021,1935
Tue Oct 26 2021,196
Wed Oct 27 2021,197
Thu Oct 28 2021,197
Fri Oct 29 2021,198
Mon Nov 01 2021,196
Tue Nov 02 2021,197
Wed Nov 03 2021,199
Fri Nov 05 2021,199
Mon Nov 08 2021,199
Tue Nov 09 2021,199
Wed Nov 10 2021,203
Thu Nov 11 2021,207
Fri Nov 12 2021,202
Mon Nov 15 2021,200
Tue Nov 16 2021,200
Wed Nov 17 2021,2015
Thu Nov 18 2021,2005
Tue Nov 23 2021,201
Wed Nov 24 2021,201
Thu Nov 25 2021,2005
Fri Nov 26 2021,2015
Mon Nov 29 2021,201
Tue Nov 30 2021,2015
Wed Dec 01 2021,201
Thu Dec 02 2021,2005
Mon Dec 06 2021,1995
Tue Dec 07 2021,198
Thu Dec 09 2021,197
Fri Dec 10 2021,196
Mon Dec 13 2021,1955
Tue Dec 14 2021,196
Wed Dec 15 2021,198
Thu Dec 16 2021,1985
Fri Dec 17 2021,200
Mon Dec 20 2021,2005
Tue Dec 21 2021,1995
Wed Dec 22 2021,200
Thu Dec 23 2021,2045
Mon Dec 27 2021,2035
Tue Dec 28 2021,205
Wed Dec 29 2021,2085
Mon Jan 03 2022,206
Tue Jan 04 2022,2065
Wed Jan 05 2022,207
Thu Jan 06 2022,2085
Fri Jan 07 2022,2085
Mon Jan 10 2022,2065
Tue Jan 11 2022,207
Wed Jan 12 2022,2085
Thu Jan 13 2022,209
Fri Jan 14 2022,209
Mon Jan 17 2022,209
Tue Jan 18 2022,2095
Wed Jan 19 2022,212
Thu Jan 20 2022,213
Fri Jan 21 2022,218
Mon Jan 24 2022,219
Tue Jan 25 2022,2195
Wed Jan 26 2022,2205
Thu Jan 27 2022,2235
Fri Jan 28 2022,213
Mon Jan 31 2022,2125
Tue Feb 01 2022,2135
Wed Feb 02 2022,2165
Thu Feb 03 2022,216
Fri Feb 04 2022,213
Mon Feb 07 2022,214
Tue Feb 08 2022,215
Wed Feb 09 2022,216
Thu Feb 10 2022,216
Fri Feb 11 2022,2145
Mon Feb 14 2022,2155
Tue Feb 15 2022,215
Wed Feb 16 2022,215
Thu Feb 17 2022,214
Fri Feb 18 2022,211
Mon Feb 21 2022,211
Tue Feb 22 2022,210
Wed Feb 23 2022,210
Thu Feb 24 2022,210
Fri Feb 25 2022,2105
Wed Mar 02 2022,2065
Thu Mar 03 2022,205
Fri Mar 04 2022,201
Mon Mar 07 2022,2005
Tue Mar 08 2022,202
Wed Mar 09 2022,203
Fri Mar 11 2022,201
Mon Mar 14 2022,2015
Tue Mar 15 2022,199
Wed Mar 16 2022,201
Thu Mar 17 2022,203
Fri Mar 18 2022,202
Mon Mar 21 2022,202
Tue Mar 22 2022,202
Wed Mar 23 2022,201
Fri Mar 25 2022,202
Mon Mar 28 2022,200
Tue Mar 29 2022,200
Wed Mar 30 2022,201
Thu Mar 31 2022,200
Fri Apr 01 2022,199
Mon Apr 04 2022,199
Tue Apr 05 2022,196
Wed Apr 06 2022,196
Thu Apr 07 2022,196
Fri Apr 08 2022,196
Mon Apr 11 2022,195
Tue Apr 12 2022,195
Wed Apr 13 2022,195
Mon Apr 18 2022,195
Tue Apr 19 2022,197
Wed Apr 20 2022,1995
Thu Apr 21 2022,201
Fri Apr 22 2022,2025
Mon Apr 25 2022,205
Tue Apr 26 2022,210
Wed Apr 27 2022,209
Thu Apr 28 2022,205
Fri Apr 29 2022,199
Mon May 02 2022,201
Tue May 03 2022,2035
Wed May 04 2022,202
Thu May 05 2022,2015
Fri May 06 2022,201
Mon May 09 2022,2005
Tue May 10 2022,202
Wed May 11 2022,205
Thu May 12 2022,2045
Fri May 13 2022,203
Mon May 16 2022,205
Tue May 17 2022,207
Thu May 19 2022,206
Fri May 20 2022,2045
Mon May 23 2022,206
Tue May 24 2022,208
Thu May 26 2022,207
Fri May 27 2022,206
Mon May 30 2022,2065
Tue May 31 2022,206
Wed Jun 01 2022,206
Thu Jun 02 2022,205
Fri Jun 03 2022,205
Mon Jun 06 2022,2055
Tue Jun 07 2022,206
Wed Jun 08 2022,208
Thu Jun 09 2022,207
Fri Jun 10 2022,209
Mon Jun 13 2022,215
Tue Jun 14 2022,221
Wed Jun 15 2022,221
Thu Jun 16 2022,216
Tue Jun 21 2022,220
Wed Jun 22 2022,224
Thu Jun 23 2022,224
Fri Jun 24 2022,225
Mon Jun 27 2022,230
Tue Jun 28 2022,238
Wed Jun 29 2022,238
Thu Jun 30 2022,238
Fri Jul 01 2022,238
Mon Jul 04 2022,267
Tue Jul 05 2022,257
Wed Jul 06 2022,250
Thu Jul 07 2022,255
Fri Jul 08 2022,270
Mon Jul 11 2022,267
Tue Jul 12 2022,270
Wed Jul 13 2022,278
Thu Jul 14 2022,288
Fri Jul 15 2022,295
Mon Jul 18 2022,291
Tue Jul 19 2022,301
Wed Jul 20 2022,317
Thu Jul 21 2022,336
Fri Jul 22 2022,341
Mon Jul 25 2022,319
Tue Jul 26 2022,321
Wed Jul 27 2022,326
Thu Jul 28 2022,315
Fri Jul 29 2022,298
Mon Aug 01 2022,281
Tue Aug 02 2022,290
Wed Aug 03 2022,298
Thu Aug 04 2022,291
Fri Aug 05 2022,292
Mon Aug 08 2022,290
Tue Aug 09 2022,292
Wed Aug 10 2022,295
Thu Aug 11 2022,296
Fri Aug 12 2022,295
Tue Aug 16 2022,291
Wed Aug 17 2022,291
Thu Aug 18 2022,293
Fri Aug 19 2022,293
Mon Aug 22 2022,292
Tue Aug 23 2022,297
Wed Aug 24 2022,295
Thu Aug 25 2022,292
Fri Aug 26 2022,291
Mon Aug 29 2022,292
Tue Aug 30 2022,291
Wed Aug 31 2022,290
Thu Sep 01 2022,289
Fri Sep 02 2022,285
Mon Sep 05 2022,269
Tue Sep 06 2022,272
Wed Sep 07 2022,278
Thu Sep 08 2022,281
Fri Sep 09 2022,274
Mon Sep 12 2022,273
Tue Sep 13 2022,273
Wed Sep 14 2022,276
Thu Sep 15 2022,275
Fri Sep 16 2022,277
Mon Sep 19 2022,277
Tue Sep 20 2022,286
Wed Sep 21 2022,289
Thu Sep 22 2022,285
Fri Sep 23 2022,288
Mon Sep 26 2022,286
Tue Sep 27 2022,291
Wed Sep 28 2022,290
Thu Sep 29 2022,288
Fri Sep 30 2022,288
Mon Oct 03 2022,284
Tue Oct 04 2022,282
Wed Oct 05 2022,282
Thu Oct 06 2022,276
Tue Oct 11 2022,279
Wed Oct 12 2022,288
Thu Oct 13 2022,291
Fri Oct 14 2022,290
Mon Oct 17 2022,287
Tue Oct 18 2022,290
Wed Oct 19 2022,292
Thu Oct 20 2022,291
Fri Oct 21 2022,290
Mon Oct 24 2022,291
Tue Oct 25 2022,293
Wed Oct 26 2022,292
Thu Oct 27 2022,290
Fri Oct 28 2022,291
Mon Oct 31 2022,291
Tue Nov 01 2022,290
Wed Nov 02 2022,291
Thu Nov 03 2022,289
Fri Nov 04 2022,287
Mon Nov 07 2022,290
Tue Nov 08 2022,290
Wed Nov 09 2022,291
Thu Nov 10 2022,292
Fri Nov 11 2022,293
Mon Nov 14 2022,293
Tue Nov 15 2022,302
Wed Nov 16 2022,307
Thu Nov 17 2022,307
Fri Nov 18 2022,306
Tue Nov 22 2022,307
Wed Nov 23 2022,312
Thu Nov 24 2022,318
Fri Nov 25 2022,320
Mon Nov 28 2022,318
Tue Nov 29 2022,317
Wed Nov 30 2022,314
Thu Dec 01 2022,314
Fri Dec 02 2022,311
Mon Dec 05 2022,311
Tue Dec 06 2022,314
Wed Dec 07 2022,316
Mon Dec 12 2022,313
Tue Dec 13 2022,315
Wed Dec 14 2022,320
Thu Dec 15 2022,320
Fri Dec 16 2022,320
Mon Dec 19 2022,321
Tue Dec 20 2022,326
Wed Dec 21 2022,325
Thu Dec 22 2022,330
Fri Dec 23 2022,340
Mon Dec 26 2022,345
Tue Dec 27 2022,355
Wed Dec 28 2022,357
Thu Dec 29 2022,354
Fri Dec 30 2022,347
Mon Jan 02 2023,344
Tue Jan 03 2023,353
Wed Jan 04 2023,354
Thu Jan 05 2023,353
Fri Jan 06 2023,354
Mon Jan 09 2023,355
Tue Jan 10 2023,357
Wed Jan 11 2023,358
Thu Jan 12 2023,361
Fri Jan 13 2023,368
Mon Jan 16 2023,368
Tue Jan 17 2023,377
Wed Jan 18 2023,376
Thu Jan 19 2023,374
Fri Jan 20 2023,375
Mon Jan 23 2023,375
Tue Jan 24 2023,381
Wed Jan 25 2023,382
Thu Jan 26 2023,385
Fri Jan 27 2023,386
Mon Jan 30 2023,386
Tue Jan 31 2023,382
Wed Feb 01 2023,377
Thu Feb 02 2023,378
Fri Feb 03 2023,379
Mon Feb 06 2023,377
Tue Feb 07 2023,377
Wed Feb 08 2023,379
Thu Feb 09 2023,380
Fri Feb 10 2023,377
Mon Feb 13 2023,378
Tue Feb 14 2023,381
Wed Feb 15 2023,379
Thu Feb 16 2023,377
Fri Feb 17 2023,377
Mon Feb 20 2023,377
Tue Feb 21 2023,377
Wed Feb 22 2023,377
Thu Feb 23 2023,379
Fri Feb 24 2023,379
Mon Feb 27 2023,377
Tue Feb 28 2023,375
Wed Mar 01 2023,375
Thu Mar 02 2023,375
Fri Mar 03 2023,377
Mon Mar 06 2023,375
Tue Mar 07 2023,372
Wed Mar 08 2023,371
Thu Mar 09 2023,378
Fri Mar 10 2023,373
Mon Mar 13 2023,373
Tue Mar 14 2023,377
Wed Mar 15 2023,377
Thu Mar 16 2023,379
Fri Mar 17 2023,383
Mon Mar 20 2023,383
Tue Mar 21 2023,386
Wed Mar 22 2023,394
Thu Mar 23 2023,391
Mon Mar 27 2023,389
Tue Mar 28 2023,390
Wed Mar 29 2023,397
Thu Mar 30 2023,393
Fri Mar 31 2023,393
Mon Apr 03 2023,395
Tue Apr 04 2023,392
Wed Apr 05 2023,392
Mon Apr 10 2023,392
Tue Apr 11 2023,391
Wed Apr 12 2023,394
Thu Apr 13 2023,398
Fri Apr 14 2023,400
Mon Apr 17 2023,408
Wed Apr 19 2023,418
Thu Apr 20 2023,432
Fri Apr 21 2023,445
Mon Apr 24 2023,465
Tue Apr 25 2023,490
Wed Apr 26 2023,473
Thu Apr 27 2023,467
Fri Apr 28 2023,468
Mon May 01 2023,469
Tue May 02 2023,473
Wed May 03 2023,468
Thu May 04 2023,468
Fri May 05 2023,469
Mon May 08 2023,469
Tue May 09 2023,471
Wed May 10 2023,471
Thu May 11 2023,475
Fri May 12 2023,474
Mon May 15 2023,477
Tue May 16 2023,488
Wed May 17 2023,487
Thu May 18 2023,486
Fri May 19 2023,488
Mon May 22 2023,488
Tue May 23 2023,491
Wed May 24 2023,492
Thu May 25 2023,493
Fri May 26 2023,493
Mon May 29 2023,492
Tue May 30 2023,492
Wed May 31 2023,490
Thu Jun 01 2023,488
Fri Jun 02 2023,490
Mon Jun 05 2023,488
Tue Jun 06 2023,486
Wed Jun 07 2023,484
Thu Jun 08 2023,485
Fri Jun 09 2023,484
Mon Jun 12 2023,483
Tue Jun 13 2023,486
Wed Jun 14 2023,494
Thu Jun 15 2023,487
Fri Jun 16 2023,492
Wed Jun 21 2023,491
Thu Jun 22 2023,493
Fri Jun 23 2023,496
Mon Jun 26 2023,492
Tue Jun 27 2023,494
Wed Jun 28 2023,495
Thu Jun 29 2023,493
Fri Jun 30 2023,493
Mon Jul 03 2023,494
Tue Jul 04 2023,495
Wed Jul 05 2023,493
Thu Jul 06 2023,491
Fri Jul 07 2023,492
Mon Jul 10 2023,495
Tue Jul 11 2023,499
Wed Jul 12 2023,499
Thu Jul 13 2023,506
Fri Jul 14 2023,520
Mon Jul 17 2023,521
Tue Jul 18 2023,519
Wed Jul 19 2023,527
Thu Jul 20 2023,525
Fri Jul 21 2023,528
Mon Jul 24 2023,550
Tue Jul 25 2023,541
Wed Jul 26 2023,547
Thu Jul 27 2023,550
Fri Jul 28 2023,551
Mon Jul 31 2023,550
Tue Aug 01 2023,558
Wed Aug 02 2023,558
Thu Aug 03 2023,574
Fri Aug 04 2023,572
Mon Aug 07 2023,594
Tue Aug 08 2023,590
Wed Aug 09 2023,598
Thu Aug 10 2023,606
Fri Aug 11 2023,607
Mon Aug 14 2023,685
Tue Aug 15 2023,715
Wed Aug 16 2023,780
Thu Aug 17 2023,760
Fri Aug 18 2023,735
Tue Aug 22 2023,725
Wed Aug 23 2023,735
Thu Aug 24 2023,725
Fri Aug 25 2023,725
Mon Aug 28 2023,730
Tue Aug 29 2023,745
Wed Aug 30 2023,740
Thu Aug 31 2023,730
Fri Sep 01 2023,730
Mon Sep 04 2023,735
Tue Sep 05 2023,723
Wed Sep 06 2023,720
Thu Sep 07 2023,715
Fri Sep 08 2023,705
Mon Sep 11 2023,717
Tue Sep 12 2023,728
Wed Sep 13 2023,735
Thu Sep 14 2023,725
Fri Sep 15 2023,718
Mon Sep 18 2023,735
Tue Sep 19 2023,740
Wed Sep 20 2023,735
Thu Sep 21 2023,745
Fri Sep 22 2023,745
Mon Sep 25 2023,743
Tue Sep 26 2023,752
Wed Sep 27 2023,773
Thu Sep 28 2023,785
Fri Sep 29 2023,805
Mon Oct 02 2023,798
Tue Oct 03 2023,805
Wed Oct 04 2023,845
Thu Oct 05 2023,843
Fri Oct 06 2023,895
Mon Oct 09 2023,930
Tue Oct 10 2023,1025
Wed Oct 11 2023,1020
Thu Oct 12 2023,970
Tue Oct 17 2023,985
Wed Oct 18 2023,930
Thu Oct 19 2023,900
Fri Oct 20 2023,900
Mon Oct 23 2023,1100
Tue Oct 24 2023,1075
Wed Oct 25 2023,1000
Thu Oct 26 2023,980
Fri Oct 27 2023,990
Mon Oct 30 2023,970
Tue Oct 31 2023,920
Wed Nov 01 2023,915
Thu Nov 02 2023,915
Fri Nov 03 2023,920
Tue Nov 07 2023,890
Wed Nov 08 2023,890
Thu Nov 09 2023,950
Fri Nov 10 2023,955
Mon Nov 13 2023,925
Tue Nov 14 2023,925
Wed Nov 15 2023,1000
Thu Nov 16 2023,960
Fri Nov 17 2023,950
Tue Nov 21 2023,1075
Wed Nov 22 2023,1075
Thu Nov 23 2023,1055
Fri Nov 24 2023,1000
Mon Nov 27 2023,995
Tue Nov 28 2023,975
Wed Nov 29 2023,930
Thu Nov 30 2023,895
Fri Dec 01 2023,955
Mon Dec 04 2023,950
Tue Dec 05 2023,910
Wed Dec 06 2023,930
Thu Dec 07 2023,995
Mon Dec 11 2023,980
Tue Dec 12 2023,1005
Wed Dec 13 2023,1115
Thu Dec 14 2023,995
Fri Dec 15 2023,970
Mon Dec 18 2023,985
Tue Dec 19 2023,995
Wed Dec 20 2023,995
Thu Dec 21 2023,975
Fri Dec 22 2023,980
Tue Dec 26 2023,995
Wed Dec 27 2023,1000
Thu Dec 28 2023,1000
Fri Dec 29 2023,1015
Tue Jan 02 2024,1015
Wed Jan 03 2024,1005
Thu Jan 04 2024,1015
Fri Jan 05 2024,1020
Mon Jan 08 2024,1030
Tue Jan 09 2024,1120
Wed Jan 10 2024,1150
Thu Jan 11 2024,1120
Fri Jan 12 2024,1120
Mon Jan 15 2024,1135
Tue Jan 16 2024,1160
Wed Jan 17 2024,1240
Thu Jan 18 2024,1240
Fri Jan 19 2024,1225
Mon Jan 22 2024,1235
Tue Jan 23 2024,1240
Wed Jan 24 2024,1255
Thu Jan 25 2024,1255
Fri Jan 26 2024,1220
Mon Jan 29 2024,1225
Tue Jan 30 2024,1215
Wed Jan 31 2024,1195
Thu Feb 01 2024,1185
Fri Feb 02 2024,1180
Mon Feb 05 2024,1170
Tue Feb 06 2024,1140
Wed Feb 07 2024,1175
Thu Feb 08 2024,1145
Fri Feb 09 2024,1145
Wed Feb 14 2024,1125
Thu Feb 15 2024,1060
Fri Feb 16 2024,1085
Mon Feb 19 2024,1110
Tue Feb 20 2024,1110
Wed Feb 21 2024,1115
Thu Feb 22 2024,1085
Fri Feb 23 2024,1085
Mon Feb 26 2024,1080
Tue Feb 27 2024,1075
Wed Feb 28 2024,1045
Thu Feb 29 2024,1030
Fri Mar 01 2024,1040
Mon Mar 04 2024,1020
Tue Mar 05 2024,1010
Wed Mar 06 2024,995
Thu Mar 07 2024,980
Fri Mar 08 2024,985
Mon Mar 11 2024,990
Tue Mar 12 2024,1020
Wed Mar 13 2024,1030
Thu Mar 14 2024,1035
Fri Mar 15 2024,1020
Mon Mar 18 2024,1025
Tue Mar 19 2024,1035
Wed Mar 20 2024,1030
Thu Mar 21 2024,1030
Fri Mar 22 2024,1020
Mon Mar 25 2024,1020
Tue Mar 26 2024,1015
Wed Mar 27 2024,1010
Wed Apr 03 2024,1005
Thu Apr 04 2024,1000
Fri Apr 05 2024,985
Mon Apr 08 2024,985
Tue Apr 09 2024,990
Wed Apr 10 2024,1000
Thu Apr 11 2024,995
Fri Apr 12 2024,1005
Mon Apr 15 2024,1005
Tue Apr 16 2024,1040
Wed Apr 17 2024,1035
Thu Apr 18 2024,1030
Fri Apr 19 2024,1015
Mon Apr 22 2024,1025
Tue Apr 23 2024,1030
Wed Apr 24 2024,1035
Thu Apr 25 2024,1045
Fri Apr 26 2024,1055
Mon Apr 29 2024,1045
Tue Apr 30 2024,1040
Thu May 02 2024,1040
Fri May 03 2024,1035
Mon May 06 2024,1045
Tue May 07 2024,1040
Wed May 08 2024,1040
Thu May 09 2024,1045
Fri May 10 2024,1040
Mon May 13 2024,1045
Tue May 14 2024,1060
Wed May 15 2024,1080
Thu May 16 2024,1100
Fri May 17 2024,1105
Mon May 20 2024,1160
Tue May 21 2024,1230
Wed May 22 2024,1270
Thu May 23 2024,1290
Fri May 24 2024,1240
Mon May 27 2024,1210
Tue May 28 2024,1210
Wed May 29 2024,1220
Thu May 30 2024,1230
Fri May 31 2024,1230
Mon Jun 03 2024,1235
Tue Jun 04 2024,1265
Wed Jun 05 2024,1255
Thu Jun 06 2024,1250
Fri Jun 07 2024,1260
Mon Jun 10 2024,1285
Tue Jun 11 2024,1295
Wed Jun 12 2024,1285
Thu Jun 13 2024,1245
Fri Jun 14 2024,1280
Tue Jun 18 2024,1305
Wed Jun 19 2024,1300
Mon Jun 24 2024,1330
Tue Jun 25 2024,1360
Wed Jun 26 2024,1370
Thu Jun 27 2024,1355
Fri Jun 28 2024,1365
Mon Jul 01 2024,1405
Tue Jul 02 2024,1425
Wed Jul 03 2024,1410
Thu Jul 04 2024,1395
Fri Jul 05 2024,1420
Mon Jul 08 2024,1440
Wed Jul 10 2024,1440
Thu Jul 11 2024,1465
Fri Jul 12 2024,1500
Mon Jul 15 2024,1420
Tue Jul 16 2024,1395
Wed Jul 17 2024,1465
Thu Jul 18 2024,1455
Fri Jul 19 2024,1440
Mon Jul 22 2024,1440
Tue Jul 23 2024,1445
Wed Jul 24 2024,1445
Thu Jul 25 2024,1445
Fri Jul 26 2024,1435
Mon Jul 29 2024,1415
Tue Jul 30 2024,1385
Wed Jul 31 2024,1360
Thu Aug 01 2024,1380
Fri Aug 02 2024,1395
Mon Aug 05 2024,1395
Tue Aug 06 2024,1370
Wed Aug 07 2024,1380
Thu Aug 08 2024,1375
Fri Aug 09 2024,1355
Mon Aug 12 2024,1350
Tue Aug 13 2024,1355
Wed Aug 14 2024,1355
Thu Aug 15 2024,1350
Fri Aug 16 2024,1345
Mon Aug 19 2024,1350
Tue Aug 20 2024,1355
Wed Aug 21 2024,1355
Thu Aug 22 2024,1350
Fri Aug 23 2024,1350
Sat Aug 24 2024,1350
Sun Aug 25 2024,1350
Mon Aug 26 2024,1350
Tue Aug 27 2024,1340
Wed Aug 28 2024,1335
Thu Aug 29 2024,1315
Fri Aug 30 2024,1305
Sat Aug 31 2024,1305
Sun Sep 01 2024,1305
Mon Sep 02 2024,1305
Tue Sep 03 2024,1310
Wed Sep 04 2024,1305
Thu Sep 05 2024,1265
Fri Sep 06 2024,1260
Sat Sep 07 2024,1260
Sun Sep 08 2024,1260
Mon Sep 09 2024,1270
Tue Sep 10 2024,1280
Wed Sep 11 2024,1285
Thu Sep 12 2024,1280
Fri Sep 13 2024,1265
Sat Sep 14 2024,1265
Sun Sep 15 2024,1265
Mon Sep 16 2024,1275
Tue Sep 17 2024,1270
Wed Sep 18 2024,1260
Thu Sep 19 2024,1240
Fri Sep 20 2024,1245
Sat Sep 21 2024,1245
Sun Sep 22 2024,1245
Mon Sep 23 2024,1245
Tue Sep 24 2024,1245
Wed Sep 25 2024,1240
Thu Sep 26 2024,1230
Fri Sep 27 2024,1245
Sat Sep 28 2024,1245
Sun Sep 29 2024,1245
Mon Sep 30 2024,1235
Tue Oct 01 2024,1220
Wed Oct 02 2024,1215
Thu Oct 03 2024,1205
Fri Oct 04 2024,1195
Sat Oct 05 2024,1195
Sun Oct 06 2024,1195
Mon Oct 07 2024,1185
Tue Oct 08 2024,1175
Wed Oct 09 2024,1175
Thu Oct 10 2024,1180
Fri Oct 11 2024,1180
Sat Oct 12 2024,1180
Sun Oct 13 2024,1180
Mon Oct 14 2024,1190
Tue Oct 15 2024,1235
Wed Oct 16 2024,1220
Thu Oct 17 2024,1220
Fri Oct 18 2024,1225
Sat Oct 19 2024,1225
Sun Oct 20 2024,1225
Mon Oct 21 2024,1240
Tue Oct 22 2024,1245
Wed Oct 23 2024,1230
Thu Oct 24 2024,1215
Fri Oct 25 2024,1225
Sat Oct 26 2024,1225
Sun Oct 27 2024,1225
Mon Oct 28 2024,1220
Tue Oct 29 2024,1195
Wed Oct 30 2024,1180
Thu Oct 31 2024,1190
Fri Nov 01 2024,1190
Sat Nov 02 2024,1190
Sun Nov 03 2024,1190
Mon Nov 04 2024,1170
Tue Nov 05 2024,1135
Wed Nov 06 2024,1135
Thu Nov 07 2024,1120
Fri Nov 08 2024,1135
Sat Nov 09 2024,1135
Sun Nov 10 2024,1135
Mon Nov 11 2024,1135
Tue Nov 12 2024,1135
Wed Nov 13 2024,1140
Thu Nov 14 2024,1140
Fri Nov 15 2024,1140
Sat Nov 16 2024,1140
Sun Nov 17 2024,1140
Mon Nov 18 2024,1140
Tue Nov 19 2024,1135
Wed Nov 20 2024,1135
Thu Nov 21 2024,1130
Fri Nov 22 2024,1135
Sat Nov 23 2024,1135
Sun Nov 24 2024,1135
Mon Nov 25 2024,1130
Tue Nov 26 2024,1135
Wed Nov 27 2024,1125
Thu Nov 28 2024,1120
Fri Nov 29 2024,1120
Sat Nov 30 2024,1120
Sun Dec 01 2024,1120
Mon Dec 02 2024,1100
Tue Dec 03 2024,1090
Wed Dec 04 2024,1080
Thu Dec 05 2024,1055
Fri Dec 06 2024,1050
Sat Dec 07 2024,1050
Sun Dec 08 2024,1050
Mon Dec 09 2024,1065
Tue Dec 10 2024,1070
Wed Dec 11 2024,1080
Thu Dec 12 2024,1095
Fri Dec 13 2024,1105
Sat Dec 14 2024,1105
Sun Dec 15 2024,1105
Mon Dec 16 2024,1125
Tue Dec 17 2024,1165
Wed Dec 18 2024,1205
Thu Dec 19 2024,1175
Fri Dec 20 2024,1160
Sat Dec 21 2024,1160
Sun Dec 22 2024,1160
Mon Dec 23 2024,1200
Tue Dec 24 2024,1200
Wed Dec 25 2024,1200
Thu Dec 26 2024,1210
Fri Dec 27 2024,1215
Sat Dec 28 2024,1215
Sun Dec 29 2024,1215
Mon Dec 30 2024,1230
Tue Dec 31 2024,1230
Wed Jan 01 2025,1230
Thu Jan 02 2025,1215
Fri Jan 03 2025,1205
Sat Jan 04 2025,1205
Sun Jan 05 2025,1205
Mon Jan 06 2025,1205
Tue Jan 07 2025,1215
Wed Jan 08 2025,1220
Thu Jan 09 2025,1220
Fri Jan 10 2025,1225
Sat Jan 11 2025,1225
Sun Jan 12 2025,1225
Mon Jan 13 2025,1250
Tue Jan 14 2025,1240
Wed Jan 15 2025,1225
Thu Jan 16 2025,1235
Fri Jan 17 2025,1235
Sat Jan 18 2025,1235
Sun Jan 19 2025,1235
Mon Jan 20 2025,1240
Tue Jan 21 2025,1235
Wed Jan 22 2025,1240
Thu Jan 23 2025,1240
Fri Jan 24 2025,1225
Sat Jan 25 2025,1225
Sun Jan 26 2025,1225
Mon Jan 27 2025,1230
Tue Jan 28 2025,1230
Wed Jan 29 2025,1220
Thu Jan 30 2025,1220
Fri Jan 31 2025,1220
Sat Feb 01 2025,1220
Sun Feb 02 2025,1220
Mon Feb 03 2025,1220
Tue Feb 04 2025,1215
Wed Feb 05 2025,1215
Thu Feb 06 2025,1210
Fri Feb 07 2025,1205
Sat Feb 08 2025,1205
Sun Feb 09 2025,1205
Mon Feb 10 2025,1205
Tue Feb 11 2025,1215
Wed Feb 12 2025,1220
Thu Feb 13 2025,1225
Fri Feb 14 2025,1220
Sat Feb 15 2025,1220
Sun Feb 16 2025,1220
Mon Feb 17 2025,1235
Tue Feb 18 2025,1235
Wed Feb 19 2025,1225
Thu Feb 20 2025,1225
Fri Feb 21 2025,1230
Sat Feb 22 2025,1230
Sun Feb 23 2025,1230
Mon Feb 24 2025,1240
Tue Feb 25 2025,1240
Wed Feb 26 2025,1230
Thu Feb 27 2025,1225
Fri Feb 28 2025,1230
Sat Mar 01 2025,1230
Sun Mar 02 2025,1230
Mon Mar 03 2025,1230
Tue Mar 04 2025,1230
Wed Mar 05 2025,1225
Thu Mar 06 2025,1215
Fri Mar 07 2025,1215
Sat Mar 08 2025,1215
Sun Mar 09 2025,1215
Mon Mar 10 2025,1225
Tue Mar 11 2025,1220
Wed Mar 12 2025,1230
Thu Mar 13 2025,1235
Fri Mar 14 2025,1240
Sat Mar 15 2025,1240
Sun Mar 16 2025,1240
Mon Mar 17 2025,1255
Tue Mar 18 2025,1285
Wed Mar 19 2025,1280
Thu Mar 20 2025,1265
Fri Mar 21 2025,1280
Sat Mar 22 2025,1280
Sun Mar 23 2025,1280
Mon Mar 24 2025,1280
Tue Mar 25 2025,1295
Wed Mar 26 2025,1310
Thu Mar 27 2025,1300
Fri Mar 28 2025,1300
Sat Mar 29 2025,1300
Sun Mar 30 2025,1300
Mon Mar 31 2025,1325
Tue Apr 01 2025,1315
Wed Apr 02 2025,1315
Thu Apr 03 2025,1310
Fri Apr 04 2025,1310
Sat Apr 05 2025,1310
Sun Apr 06 2025,1310
Mon Apr 07 2025,1345
Tue Apr 08 2025,1360
Wed Apr 09 2025,1355
Thu Apr 10 2025,1365
Fri Apr 11 2025,1375
Sat Apr 12 2025,1375
Sun Apr 13 2025,1375
Mon Apr 14 2025,1285
Tue Apr 15 2025,1285
Wed Apr 16 2025,1250
Thu Apr 17 2025,1250
Fri Apr 18 2025,1250
Sat Apr 19 2025,1250
Sun Apr 20 2025,1250
Mon Apr 21 2025,1150
Tue Apr 22 2025,1185
Wed Apr 23 2025,1210
Thu Apr 24 2025,1225
Fri Apr 25 2025,1210
Sat Apr 26 2025,1210
Sun Apr 27 2025,1210
Mon Apr 28 2025,1205
Tue Apr 29 2025,1200
Wed Apr 30 2025,1185
Thu May 01 2025,1185
Fri May 02 2025,1185
Sat May 03 2025,1185
Sun May 04 2025,1185
Mon May 05 2025,1205
Tue May 06 2025,1190
Wed May 07 2025,1170
Thu May 08 2025,1165
Fri May 09 2025,1175
Sat May 10 2025,1175
Sun May 11 2025,1175
Mon May 12 2025,1170
Tue May 13 2025,1160
Wed May 14 2025,1165
Thu May 15 2025,1165
Fri May 16 2025,1165
Sat May 17 2025,1165
Sun May 18 2025,1165
Mon May 19 2025,1165
Tue May 20 2025,1175
Wed May 21 2025,1175
Thu May 22 2025,1165
Fri May 23 2025,1170
Sat May 24 2025,1170
Sun May 25 2025,1170
Mon May 26 2025,1170
Tue May 27 2025,1165
Wed May 28 2025,1170
Thu May 29 2025,1170
Fri May 30 2025,1180
Sat May 31 2025,1180
Sun Jun 01 2025,1180
Mon Jun 02 2025,1165
Tue Jun 03 2025,1160
Wed Jun 04 2025,1180
Thu Jun 05 2025,1175
Fri Jun 06 2025,1165
Sat Jun 07 2025,1165
Sun Jun 08 2025,1165
Mon Jun 09 2025,1195
Tue Jun 10 2025,1190
Wed Jun 11 2025,1190
Thu Jun 12 2025,1190
Fri Jun 13 2025,1190
Sat Jun 14 2025,1190
Sun Jun 15 2025,1190
Mon Jun 16 2025,1190
Tue Jun 17 2025,1200
Wed Jun 18 2025,1190
Thu Jun 19 2025,1200
Fri Jun 20 2025,1200
Sat Jun 21 2025,1200
Sun Jun 22 2025,1200
Mon Jun 23 2025,1210
Tue Jun 24 2025,1215
Wed Jun 25 2025,1210
Thu Jun 26 2025,1210
Fri Jun 27 2025,1210
Sat Jun 28 2025,1210
Sun Jun 29 2025,1210
Mon Jun 30 2025,1215
Tue Jul 01 2025,1225
Wed Jul 02 2025,1240
Thu Jul 03 2025,1235
Fri Jul 04 2025,1230
Sat Jul 05 2025,1230
Sun Jul 06 2025,1230
Mon Jul 07 2025,1270
Tue Jul 08 2025,1280
Wed Jul 09 2025,1280
Thu Jul 10 2025,1295
Fri Jul 11 2025,1300
Sat Jul 12 2025,1300
Sun Jul 13 2025,1300
Mon Jul 14 2025,1340
Tue Jul 15 2025,1330
Wed Jul 16 2025,1295
Thu Jul 17 2025,1295
Fri Jul 18 2025,1305
Sat Jul 19 2025,1305
Sun Jul 20 2025,1305
Mon Jul 21 2025,1320
Tue Jul 22 2025,1310
Wed Jul 23 2025,1310
Thu Jul 24 2025,1320
Fri Jul 25 2025,1315
Sat Jul 26 2025,1315
Sun Jul 27 2025,1315
Mon Jul 28 2025,1320
Tue Jul 29 2025,1320
Wed Jul 30 2025,1320
Thu Jul 31 2025,1335
Fri Aug 01 2025,1335
Sat Aug 02 2025,1335
Sun Aug 03 2025,1335
Mon Aug 04 2025,1330
Tue Aug 05 2025,1325
Wed Aug 06 2025,1320
Thu Aug 07 2025,1325
Fri Aug 08 2025,1325
Sat Aug 09 2025,1325
Sun Aug 10 2025,1325
Mon Aug 11 2025,1335
Tue Aug 12 2025,1330
Wed Aug 13 2025,1340
Thu Aug 14 2025,1320
Fri Aug 15 2025,1320
Sat Aug 16 2025,1320
Sun Aug 17 2025,1320
Mon Aug 18 2025,1320
Tue Aug 19 2025,1320
Wed Aug 20 2025,1320
Thu Aug 21 2025,1320
Fri Aug 22 2025,1320
Sat Aug 23 2025,1320
Sun Aug 24 2025,1320
Mon Aug 25 2025,1320
Tue Aug 26 2025,1320
Wed Aug 27 2025,1320
Thu Aug 28 2025,1350
Fri Aug 29 2025,1320
Sat Aug 30 2025,1320
Sun Aug 31 2025,1345
Mon Sep 01 2025,1370
Wed Sep 03 2025,1350
Thu Sep 04 2025,1365
Fri Sep 05 2025,1370
Sat Sep 06 2025,1370
Sun Sep 07 2025,1370
Mon Sep 08 2025,1385
Tue Sep 09 2025,1385
Wed Sep 10 2025,1395
Thu Sep 11 2025,1410
Fri Sep 12 2025,1425
Sat Sep 13 2025,1425
Sun Sep 14 2025,1425
Mon Sep 15 2025,1455
Tue Sep 16 2025,1455
Wed Sep 17 2025,1490
Thu Sep 18 2025,1510
Fri Sep 19 2025,1520
Sat Sep 20 2025,1520
Sun Sep 21 2025,1520
Mon Sep 22 2025,1475
Tue Sep 23 2025,1410
Wed Sep 24 2025,1405
Thu Sep 25 2025,1410
Fri Sep 26 2025,1440
Sat Sep 27 2025,1440
Sun Sep 28 2025,1440
Mon Sep 29 2025,1430
Tue Sep 30 2025,1445
Wed Oct 01 2025,1475
Thu Oct 02 2025,1450
Fri Oct 03 2025,1440
Mon Oct 06 2025,1450
Tue Oct 07 2025,1460
Wed Oct 08 2025,1475
Thu Oct 09 2025,1475
Fri Oct 10 2025,1475
Mon Oct 13 2025,1405
Tue Oct 14 2025,1420
Wed Oct 15 2025,1450
Thu Oct 16 2025,1465
Fri Oct 17 2025,1485
Mon Oct 20 2025,1505
Tue Oct 21 2025,1545
Wed Oct 22 2025,1550
Thu Oct 23 2025,1525
Fri Oct 24 2025,1510
Mon Oct 27 2025,1465
Tue Oct 28 2025,1470
Wed Oct 29 2025,1460
Thu Oct 30 2025,1450
Fri Oct 31 2025,1445
